"Attribute_name","Final_score","SourceFile","Scorer","stock_name","row_idx","Attribute_type"
"Sargassum influx",2.4,"file7e5841f16e8d.xlsx","AA","Atlantic thread herring",17,"Exposure"
"Thermocline depth",1,"file7e5841f16e8d.xlsx","AA","Atlantic thread herring",18,"Exposure"
"Habitat specificity",1.2,"file7e5841f16e8d.xlsx","AA","Atlantic thread herring",21,"Sensitivity"
"Prey specificity",2.2,"file7e5841f16e8d.xlsx","AA","Atlantic thread herring",22,"Sensitivity"
"Tolerance to ocean acidification",1,"file7e5841f16e8d.xlsx","AA","Atlantic thread herring",23,"Sensitivity"
"Complexity in reproductive strategy",1.8,"file7e5841f16e8d.xlsx","AA","Atlantic thread herring",24,"Sensitivity"
"Species range",1.4,"file7e5841f16e8d.xlsx","AA","Atlantic thread herring",25,"Sensitivity"
"Specificity in early life history requirements",2.4,"file7e5841f16e8d.xlsx","AA","Atlantic thread herring",26,"Sensitivity"
"Stock size/status",2,"file7e5841f16e8d.xlsx","AA","Atlantic thread herring",27,"Sensitivity"
"Other stressors",1.4,"file7e5841f16e8d.xlsx","AA","Atlantic thread herring",28,"Sensitivity"
"Population growth rate",1.2,"file7e5841f16e8d.xlsx","AA","Atlantic thread herring",30,"Sensitivity"
"Mobility and dispersal or early life stages",2.4,"file7e5841f16e8d.xlsx","AA","Atlantic thread herring",31,"Sensitivity"
"Adult mobility",1.8,"file7e5841f16e8d.xlsx","AA","Atlantic thread herring",32,"Sensitivity"
"Spawning characteristics",2.2,"file7e5841f16e8d.xlsx","AA","Atlantic thread herring",33,"Sensitivity"
"Predation and competition dynamics",2,"file7e5841f16e8d.xlsx","AA","Atlantic thread herring",34,"Sensitivity"
"Genetic diversity",1,"file7e5841f16e8d.xlsx","AA","Atlantic thread herring",35,"Sensitivity"
"Sargassum influx",3.4,"file7e5841f16e8d.xlsx","AA","Ballyhoo",17,"Exposure"
"Thermocline depth",1,"file7e5841f16e8d.xlsx","AA","Ballyhoo",18,"Exposure"
"Habitat specificity",1.4,"file7e5841f16e8d.xlsx","AA","Ballyhoo",21,"Sensitivity"
"Prey specificity",1.4,"file7e5841f16e8d.xlsx","AA","Ballyhoo",22,"Sensitivity"
"Tolerance to ocean acidification",1,"file7e5841f16e8d.xlsx","AA","Ballyhoo",23,"Sensitivity"
"Complexity in reproductive strategy",1.2,"file7e5841f16e8d.xlsx","AA","Ballyhoo",24,"Sensitivity"
"Species range",1.4,"file7e5841f16e8d.xlsx","AA","Ballyhoo",25,"Sensitivity"
"Specificity in early life history requirements",2.4,"file7e5841f16e8d.xlsx","AA","Ballyhoo",26,"Sensitivity"
"Stock size/status",2.6,"file7e5841f16e8d.xlsx","AA","Ballyhoo",27,"Sensitivity"
"Other stressors",2.4,"file7e5841f16e8d.xlsx","AA","Ballyhoo",28,"Sensitivity"
"Population growth rate",1.2,"file7e5841f16e8d.xlsx","AA","Ballyhoo",30,"Sensitivity"
"Mobility and dispersal or early life stages",2.6,"file7e5841f16e8d.xlsx","AA","Ballyhoo",31,"Sensitivity"
"Adult mobility",1.8,"file7e5841f16e8d.xlsx","AA","Ballyhoo",32,"Sensitivity"
"Spawning characteristics",1.4,"file7e5841f16e8d.xlsx","AA","Ballyhoo",33,"Sensitivity"
"Predation and competition dynamics",2.4,"file7e5841f16e8d.xlsx","AA","Ballyhoo",34,"Sensitivity"
"Genetic diversity",1.2,"file7e5841f16e8d.xlsx","AA","Ballyhoo",35,"Sensitivity"
"Sargassum influx",3.6,"file7e5841f16e8d.xlsx","AA","Dolphinfish",17,"Exposure"
"Thermocline depth",3.6,"file7e5841f16e8d.xlsx","AA","Dolphinfish",18,"Exposure"
"Habitat specificity",2.2,"file7e5841f16e8d.xlsx","AA","Dolphinfish",21,"Sensitivity"
"Prey specificity",1.2,"file7e5841f16e8d.xlsx","AA","Dolphinfish",22,"Sensitivity"
"Tolerance to ocean acidification",1,"file7e5841f16e8d.xlsx","AA","Dolphinfish",23,"Sensitivity"
"Complexity in reproductive strategy",2.4,"file7e5841f16e8d.xlsx","AA","Dolphinfish",24,"Sensitivity"
"Species range",2.4,"file7e5841f16e8d.xlsx","AA","Dolphinfish",25,"Sensitivity"
"Specificity in early life history requirements",1.4,"file7e5841f16e8d.xlsx","AA","Dolphinfish",26,"Sensitivity"
"Stock size/status",1.4,"file7e5841f16e8d.xlsx","AA","Dolphinfish",27,"Sensitivity"
"Other stressors",1.4,"file7e5841f16e8d.xlsx","AA","Dolphinfish",28,"Sensitivity"
"Population growth rate",1,"file7e5841f16e8d.xlsx","AA","Dolphinfish",30,"Sensitivity"
"Mobility and dispersal or early life stages",1.6,"file7e5841f16e8d.xlsx","AA","Dolphinfish",31,"Sensitivity"
"Adult mobility",1.2,"file7e5841f16e8d.xlsx","AA","Dolphinfish",32,"Sensitivity"
"Spawning characteristics",1.2,"file7e5841f16e8d.xlsx","AA","Dolphinfish",33,"Sensitivity"
"Predation and competition dynamics",1.8,"file7e5841f16e8d.xlsx","AA","Dolphinfish",34,"Sensitivity"
"Genetic diversity",1,"file7e5841f16e8d.xlsx","AA","Dolphinfish",35,"Sensitivity"
"Sargassum influx",2.6,"file7e5841f16e8d.xlsx","AA","Lane snapper",17,"Exposure"
"Thermocline depth",2.2,"file7e5841f16e8d.xlsx","AA","Lane snapper",18,"Exposure"
"Habitat specificity",1.4,"file7e5841f16e8d.xlsx","AA","Lane snapper",21,"Sensitivity"
"Prey specificity",1.4,"file7e5841f16e8d.xlsx","AA","Lane snapper",22,"Sensitivity"
"Tolerance to ocean acidification",2.6,"file7e5841f16e8d.xlsx","AA","Lane snapper",23,"Sensitivity"
"Complexity in reproductive strategy",2.4,"file7e5841f16e8d.xlsx","AA","Lane snapper",24,"Sensitivity"
"Species range",1.8,"file7e5841f16e8d.xlsx","AA","Lane snapper",25,"Sensitivity"
"Specificity in early life history requirements",3,"file7e5841f16e8d.xlsx","AA","Lane snapper",26,"Sensitivity"
"Stock size/status",2.4,"file7e5841f16e8d.xlsx","AA","Lane snapper",27,"Sensitivity"
"Other stressors",2.6,"file7e5841f16e8d.xlsx","AA","Lane snapper",28,"Sensitivity"
"Population growth rate",2.6,"file7e5841f16e8d.xlsx","AA","Lane snapper",30,"Sensitivity"
"Mobility and dispersal or early life stages",1.4,"file7e5841f16e8d.xlsx","AA","Lane snapper",31,"Sensitivity"
"Adult mobility",2.2,"file7e5841f16e8d.xlsx","AA","Lane snapper",32,"Sensitivity"
"Spawning characteristics",3,"file7e5841f16e8d.xlsx","AA","Lane snapper",33,"Sensitivity"
"Predation and competition dynamics",2.4,"file7e5841f16e8d.xlsx","AA","Lane snapper",34,"Sensitivity"
"Genetic diversity",2.6,"file7e5841f16e8d.xlsx","AA","Lane snapper",35,"Sensitivity"
"Sargassum influx",1,"file7e5841f16e8d.xlsx","AA","Misty grouper",17,"Exposure"
"Thermocline depth",1,"file7e5841f16e8d.xlsx","AA","Misty grouper",18,"Exposure"
"Habitat specificity",3.6,"file7e5841f16e8d.xlsx","AA","Misty grouper",21,"Sensitivity"
"Prey specificity",2.2,"file7e5841f16e8d.xlsx","AA","Misty grouper",22,"Sensitivity"
"Tolerance to ocean acidification",2.2,"file7e5841f16e8d.xlsx","AA","Misty grouper",23,"Sensitivity"
"Complexity in reproductive strategy",4,"file7e5841f16e8d.xlsx","AA","Misty grouper",24,"Sensitivity"
"Species range",2.8,"file7e5841f16e8d.xlsx","AA","Misty grouper",25,"Sensitivity"
"Specificity in early life history requirements",3.4,"file7e5841f16e8d.xlsx","AA","Misty grouper",26,"Sensitivity"
"Stock size/status",3.8,"file7e5841f16e8d.xlsx","AA","Misty grouper",27,"Sensitivity"
"Other stressors",2.6,"file7e5841f16e8d.xlsx","AA","Misty grouper",28,"Sensitivity"
"Population growth rate",3.8,"file7e5841f16e8d.xlsx","AA","Misty grouper",30,"Sensitivity"
"Mobility and dispersal or early life stages",3,"file7e5841f16e8d.xlsx","AA","Misty grouper",31,"Sensitivity"
"Adult mobility",3.2,"file7e5841f16e8d.xlsx","AA","Misty grouper",32,"Sensitivity"
"Spawning characteristics",3.6,"file7e5841f16e8d.xlsx","AA","Misty grouper",33,"Sensitivity"
"Predation and competition dynamics",2.6,"file7e5841f16e8d.xlsx","AA","Misty grouper",34,"Sensitivity"
"Genetic diversity",3.6,"file7e5841f16e8d.xlsx","AA","Misty grouper",35,"Sensitivity"
"Sargassum influx",3,"file7e5841f16e8d.xlsx","AA","Yellowtail snapper",17,"Exposure"
"Thermocline depth",2.6,"file7e5841f16e8d.xlsx","AA","Yellowtail snapper",18,"Exposure"
"Habitat specificity",2.6,"file7e5841f16e8d.xlsx","AA","Yellowtail snapper",21,"Sensitivity"
"Prey specificity",1.4,"file7e5841f16e8d.xlsx","AA","Yellowtail snapper",22,"Sensitivity"
"Tolerance to ocean acidification",2.4,"file7e5841f16e8d.xlsx","AA","Yellowtail snapper",23,"Sensitivity"
"Complexity in reproductive strategy",2.4,"file7e5841f16e8d.xlsx","AA","Yellowtail snapper",24,"Sensitivity"
"Species range",1.6,"file7e5841f16e8d.xlsx","AA","Yellowtail snapper",25,"Sensitivity"
"Specificity in early life history requirements",2.2,"file7e5841f16e8d.xlsx","AA","Yellowtail snapper",26,"Sensitivity"
"Stock size/status",2,"file7e5841f16e8d.xlsx","AA","Yellowtail snapper",27,"Sensitivity"
"Other stressors",2.4,"file7e5841f16e8d.xlsx","AA","Yellowtail snapper",28,"Sensitivity"
"Population growth rate",2.4,"file7e5841f16e8d.xlsx","AA","Yellowtail snapper",30,"Sensitivity"
"Mobility and dispersal or early life stages",1.4,"file7e5841f16e8d.xlsx","AA","Yellowtail snapper",31,"Sensitivity"
"Adult mobility",1.6,"file7e5841f16e8d.xlsx","AA","Yellowtail snapper",32,"Sensitivity"
"Spawning characteristics",2.4,"file7e5841f16e8d.xlsx","AA","Yellowtail snapper",33,"Sensitivity"
"Predation and competition dynamics",1.4,"file7e5841f16e8d.xlsx","AA","Yellowtail snapper",34,"Sensitivity"
"Genetic diversity",1.6,"file7e5841f16e8d.xlsx","AA","Yellowtail snapper",35,"Sensitivity"
"Sargassum influx",2.6,"file7e58650a86b.xlsx","AK","Gray angelfish",17,"Exposure"
"Thermocline depth",2.6,"file7e58650a86b.xlsx","AK","Gray angelfish",18,"Exposure"
"Habitat specificity",2.4,"file7e58650a86b.xlsx","AK","Gray angelfish",21,"Sensitivity"
"Prey specificity",1,"file7e58650a86b.xlsx","AK","Gray angelfish",22,"Sensitivity"
"Tolerance to ocean acidification",1.4,"file7e58650a86b.xlsx","AK","Gray angelfish",23,"Sensitivity"
"Complexity in reproductive strategy",1,"file7e58650a86b.xlsx","AK","Gray angelfish",24,"Sensitivity"
"Species range",2.4,"file7e58650a86b.xlsx","AK","Gray angelfish",25,"Sensitivity"
"Specificity in early life history requirements",2,"file7e58650a86b.xlsx","AK","Gray angelfish",26,"Sensitivity"
"Stock size/status",1.2,"file7e58650a86b.xlsx","AK","Gray angelfish",27,"Sensitivity"
"Other stressors",2,"file7e58650a86b.xlsx","AK","Gray angelfish",28,"Sensitivity"
"Population growth rate",2,"file7e58650a86b.xlsx","AK","Gray angelfish",30,"Sensitivity"
"Mobility and dispersal or early life stages",1.2,"file7e58650a86b.xlsx","AK","Gray angelfish",31,"Sensitivity"
"Adult mobility",2.4,"file7e58650a86b.xlsx","AK","Gray angelfish",32,"Sensitivity"
"Spawning characteristics",3,"file7e58650a86b.xlsx","AK","Gray angelfish",33,"Sensitivity"
"Predation and competition dynamics",1.2,"file7e58650a86b.xlsx","AK","Gray angelfish",34,"Sensitivity"
"Genetic diversity",2,"file7e58650a86b.xlsx","AK","Gray angelfish",35,"Sensitivity"
"Sargassum influx",3.4,"file7e58650a86b.xlsx","AK","Hogfish",17,"Exposure"
"Thermocline depth",1.2,"file7e58650a86b.xlsx","AK","Hogfish",18,"Exposure"
"Habitat specificity",1.8,"file7e58650a86b.xlsx","AK","Hogfish",21,"Sensitivity"
"Prey specificity",2,"file7e58650a86b.xlsx","AK","Hogfish",22,"Sensitivity"
"Tolerance to ocean acidification",2,"file7e58650a86b.xlsx","AK","Hogfish",23,"Sensitivity"
"Complexity in reproductive strategy",1,"file7e58650a86b.xlsx","AK","Hogfish",24,"Sensitivity"
"Species range",1,"file7e58650a86b.xlsx","AK","Hogfish",25,"Sensitivity"
"Specificity in early life history requirements",2,"file7e58650a86b.xlsx","AK","Hogfish",26,"Sensitivity"
"Stock size/status",1.2,"file7e58650a86b.xlsx","AK","Hogfish",27,"Sensitivity"
"Other stressors",1,"file7e58650a86b.xlsx","AK","Hogfish",28,"Sensitivity"
"Population growth rate",2.8,"file7e58650a86b.xlsx","AK","Hogfish",30,"Sensitivity"
"Mobility and dispersal or early life stages",2,"file7e58650a86b.xlsx","AK","Hogfish",31,"Sensitivity"
"Adult mobility",2.4,"file7e58650a86b.xlsx","AK","Hogfish",32,"Sensitivity"
"Spawning characteristics",2.2,"file7e58650a86b.xlsx","AK","Hogfish",33,"Sensitivity"
"Predation and competition dynamics",1.8,"file7e58650a86b.xlsx","AK","Hogfish",34,"Sensitivity"
"Genetic diversity",4,"file7e58650a86b.xlsx","AK","Hogfish",35,"Sensitivity"
"Sargassum influx",2,"file7e58650a86b.xlsx","AK","Queen conch",17,"Exposure"
"Habitat specificity",1.2,"file7e58650a86b.xlsx","AK","Queen conch",21,"Sensitivity"
"Prey specificity",1,"file7e58650a86b.xlsx","AK","Queen conch",22,"Sensitivity"
"Tolerance to ocean acidification",4,"file7e58650a86b.xlsx","AK","Queen conch",23,"Sensitivity"
"Complexity in reproductive strategy",3.6,"file7e58650a86b.xlsx","AK","Queen conch",24,"Sensitivity"
"Species range",1,"file7e58650a86b.xlsx","AK","Queen conch",25,"Sensitivity"
"Specificity in early life history requirements",1,"file7e58650a86b.xlsx","AK","Queen conch",26,"Sensitivity"
"Stock size/status",1.6,"file7e58650a86b.xlsx","AK","Queen conch",27,"Sensitivity"
"Other stressors",1.2,"file7e58650a86b.xlsx","AK","Queen conch",28,"Sensitivity"
"Population growth rate",1.8,"file7e58650a86b.xlsx","AK","Queen conch",30,"Sensitivity"
"Mobility and dispersal or early life stages",1.6,"file7e58650a86b.xlsx","AK","Queen conch",31,"Sensitivity"
"Adult mobility",2.8,"file7e58650a86b.xlsx","AK","Queen conch",32,"Sensitivity"
"Spawning characteristics",1.4,"file7e58650a86b.xlsx","AK","Queen conch",33,"Sensitivity"
"Predation and competition dynamics",1,"file7e58650a86b.xlsx","AK","Queen conch",34,"Sensitivity"
"Genetic diversity",1,"file7e58650a86b.xlsx","AK","Queen conch",35,"Sensitivity"
"Thermocline depth",1.6,"file7e58650a86b.xlsx","AK","Silk snapper",18,"Exposure"
"Habitat specificity",1.2,"file7e58650a86b.xlsx","AK","Silk snapper",21,"Sensitivity"
"Prey specificity",1.2,"file7e58650a86b.xlsx","AK","Silk snapper",22,"Sensitivity"
"Tolerance to ocean acidification",1.6,"file7e58650a86b.xlsx","AK","Silk snapper",23,"Sensitivity"
"Complexity in reproductive strategy",1.2,"file7e58650a86b.xlsx","AK","Silk snapper",24,"Sensitivity"
"Species range",1,"file7e58650a86b.xlsx","AK","Silk snapper",25,"Sensitivity"
"Specificity in early life history requirements",1.4,"file7e58650a86b.xlsx","AK","Silk snapper",26,"Sensitivity"
"Stock size/status",2.8,"file7e58650a86b.xlsx","AK","Silk snapper",27,"Sensitivity"
"Other stressors",1.2,"file7e58650a86b.xlsx","AK","Silk snapper",28,"Sensitivity"
"Population growth rate",2.6,"file7e58650a86b.xlsx","AK","Silk snapper",30,"Sensitivity"
"Mobility and dispersal or early life stages",1.4,"file7e58650a86b.xlsx","AK","Silk snapper",31,"Sensitivity"
"Adult mobility",1.2,"file7e58650a86b.xlsx","AK","Silk snapper",32,"Sensitivity"
"Spawning characteristics",1.8,"file7e58650a86b.xlsx","AK","Silk snapper",33,"Sensitivity"
"Predation and competition dynamics",2.2,"file7e58650a86b.xlsx","AK","Silk snapper",34,"Sensitivity"
"Genetic diversity",3,"file7e58650a86b.xlsx","AK","Silk snapper",35,"Sensitivity"
"Sargassum influx",2.6,"file7e58650a86b.xlsx","AK","Spiny lobster",17,"Exposure"
"Habitat specificity",1.2,"file7e58650a86b.xlsx","AK","Spiny lobster",21,"Sensitivity"
"Prey specificity",1,"file7e58650a86b.xlsx","AK","Spiny lobster",22,"Sensitivity"
"Tolerance to ocean acidification",2,"file7e58650a86b.xlsx","AK","Spiny lobster",23,"Sensitivity"
"Complexity in reproductive strategy",1.6,"file7e58650a86b.xlsx","AK","Spiny lobster",24,"Sensitivity"
"Species range",1,"file7e58650a86b.xlsx","AK","Spiny lobster",25,"Sensitivity"
"Specificity in early life history requirements",1.4,"file7e58650a86b.xlsx","AK","Spiny lobster",26,"Sensitivity"
"Stock size/status",1.2,"file7e58650a86b.xlsx","AK","Spiny lobster",27,"Sensitivity"
"Other stressors",2,"file7e58650a86b.xlsx","AK","Spiny lobster",28,"Sensitivity"
"Population growth rate",1.6,"file7e58650a86b.xlsx","AK","Spiny lobster",30,"Sensitivity"
"Mobility and dispersal or early life stages",1,"file7e58650a86b.xlsx","AK","Spiny lobster",31,"Sensitivity"
"Adult mobility",1.4,"file7e58650a86b.xlsx","AK","Spiny lobster",32,"Sensitivity"
"Spawning characteristics",1.4,"file7e58650a86b.xlsx","AK","Spiny lobster",33,"Sensitivity"
"Predation and competition dynamics",1.8,"file7e58650a86b.xlsx","AK","Spiny lobster",34,"Sensitivity"
"Genetic diversity",3,"file7e58650a86b.xlsx","AK","Spiny lobster",35,"Sensitivity"
"Sargassum influx",3.2,"file7e5873f448d5.xlsx","BG","Atlantic thread herring",17,"Exposure"
"Habitat specificity",1.2,"file7e5873f448d5.xlsx","BG","Atlantic thread herring",21,"Sensitivity"
"Prey specificity",2.4,"file7e5873f448d5.xlsx","BG","Atlantic thread herring",22,"Sensitivity"
"Tolerance to ocean acidification",1,"file7e5873f448d5.xlsx","BG","Atlantic thread herring",23,"Sensitivity"
"Complexity in reproductive strategy",1.2,"file7e5873f448d5.xlsx","BG","Atlantic thread herring",24,"Sensitivity"
"Species range",3,"file7e5873f448d5.xlsx","BG","Atlantic thread herring",25,"Sensitivity"
"Specificity in early life history requirements",1,"file7e5873f448d5.xlsx","BG","Atlantic thread herring",26,"Sensitivity"
"Stock size/status",1,"file7e5873f448d5.xlsx","BG","Atlantic thread herring",27,"Sensitivity"
"Other stressors",2.6,"file7e5873f448d5.xlsx","BG","Atlantic thread herring",28,"Sensitivity"
"Population growth rate",1,"file7e5873f448d5.xlsx","BG","Atlantic thread herring",30,"Sensitivity"
"Mobility and dispersal or early life stages",2.2,"file7e5873f448d5.xlsx","BG","Atlantic thread herring",31,"Sensitivity"
"Adult mobility",1.8,"file7e5873f448d5.xlsx","BG","Atlantic thread herring",32,"Sensitivity"
"Spawning characteristics",2.4,"file7e5873f448d5.xlsx","BG","Atlantic thread herring",33,"Sensitivity"
"Predation and competition dynamics",2.2,"file7e5873f448d5.xlsx","BG","Atlantic thread herring",34,"Sensitivity"
"Genetic diversity",1.2,"file7e5873f448d5.xlsx","BG","Atlantic thread herring",35,"Sensitivity"
"Sargassum influx",2.6,"file7e5873f448d5.xlsx","BG","Ballyhoo",17,"Exposure"
"Habitat specificity",1,"file7e5873f448d5.xlsx","BG","Ballyhoo",21,"Sensitivity"
"Prey specificity",1.4,"file7e5873f448d5.xlsx","BG","Ballyhoo",22,"Sensitivity"
"Tolerance to ocean acidification",1,"file7e5873f448d5.xlsx","BG","Ballyhoo",23,"Sensitivity"
"Complexity in reproductive strategy",2,"file7e5873f448d5.xlsx","BG","Ballyhoo",24,"Sensitivity"
"Species range",2,"file7e5873f448d5.xlsx","BG","Ballyhoo",25,"Sensitivity"
"Specificity in early life history requirements",2.2,"file7e5873f448d5.xlsx","BG","Ballyhoo",26,"Sensitivity"
"Stock size/status",2.2,"file7e5873f448d5.xlsx","BG","Ballyhoo",27,"Sensitivity"
"Other stressors",1.6,"file7e5873f448d5.xlsx","BG","Ballyhoo",28,"Sensitivity"
"Population growth rate",1,"file7e5873f448d5.xlsx","BG","Ballyhoo",30,"Sensitivity"
"Mobility and dispersal or early life stages",1.2,"file7e5873f448d5.xlsx","BG","Ballyhoo",31,"Sensitivity"
"Adult mobility",1.8,"file7e5873f448d5.xlsx","BG","Ballyhoo",32,"Sensitivity"
"Spawning characteristics",3,"file7e5873f448d5.xlsx","BG","Ballyhoo",33,"Sensitivity"
"Predation and competition dynamics",2,"file7e5873f448d5.xlsx","BG","Ballyhoo",34,"Sensitivity"
"Genetic diversity",1,"file7e5873f448d5.xlsx","BG","Ballyhoo",35,"Sensitivity"
"Habitat specificity",1,"file7e5873f448d5.xlsx","BG","Blue runner",21,"Sensitivity"
"Prey specificity",1.6,"file7e5873f448d5.xlsx","BG","Blue runner",22,"Sensitivity"
"Tolerance to ocean acidification",1.2,"file7e5873f448d5.xlsx","BG","Blue runner",23,"Sensitivity"
"Complexity in reproductive strategy",1,"file7e5873f448d5.xlsx","BG","Blue runner",24,"Sensitivity"
"Species range",1,"file7e5873f448d5.xlsx","BG","Blue runner",25,"Sensitivity"
"Specificity in early life history requirements",2.6,"file7e5873f448d5.xlsx","BG","Blue runner",26,"Sensitivity"
"Stock size/status",1,"file7e5873f448d5.xlsx","BG","Blue runner",27,"Sensitivity"
"Other stressors",1.2,"file7e5873f448d5.xlsx","BG","Blue runner",28,"Sensitivity"
"Population growth rate",2,"file7e5873f448d5.xlsx","BG","Blue runner",30,"Sensitivity"
"Mobility and dispersal or early life stages",1,"file7e5873f448d5.xlsx","BG","Blue runner",31,"Sensitivity"
"Adult mobility",1,"file7e5873f448d5.xlsx","BG","Blue runner",32,"Sensitivity"
"Spawning characteristics",1.2,"file7e5873f448d5.xlsx","BG","Blue runner",33,"Sensitivity"
"Predation and competition dynamics",1.6,"file7e5873f448d5.xlsx","BG","Blue runner",34,"Sensitivity"
"Genetic diversity",1,"file7e5873f448d5.xlsx","BG","Blue runner",35,"Sensitivity"
"Sargassum influx",2,"file7e5873f448d5.xlsx","BG","King mackerel",17,"Exposure"
"Thermocline depth",2,"file7e5873f448d5.xlsx","BG","King mackerel",18,"Exposure"
"Habitat specificity",1,"file7e5873f448d5.xlsx","BG","King mackerel",21,"Sensitivity"
"Prey specificity",1.4,"file7e5873f448d5.xlsx","BG","King mackerel",22,"Sensitivity"
"Tolerance to ocean acidification",1.8,"file7e5873f448d5.xlsx","BG","King mackerel",23,"Sensitivity"
"Complexity in reproductive strategy",1,"file7e5873f448d5.xlsx","BG","King mackerel",24,"Sensitivity"
"Species range",3.6,"file7e5873f448d5.xlsx","BG","King mackerel",25,"Sensitivity"
"Specificity in early life history requirements",3,"file7e5873f448d5.xlsx","BG","King mackerel",26,"Sensitivity"
"Stock size/status",1.8,"file7e5873f448d5.xlsx","BG","King mackerel",27,"Sensitivity"
"Other stressors",1.2,"file7e5873f448d5.xlsx","BG","King mackerel",28,"Sensitivity"
"Population growth rate",1.8,"file7e5873f448d5.xlsx","BG","King mackerel",30,"Sensitivity"
"Mobility and dispersal or early life stages",2.8,"file7e5873f448d5.xlsx","BG","King mackerel",31,"Sensitivity"
"Adult mobility",1.4,"file7e5873f448d5.xlsx","BG","King mackerel",32,"Sensitivity"
"Spawning characteristics",2,"file7e5873f448d5.xlsx","BG","King mackerel",33,"Sensitivity"
"Predation and competition dynamics",1.4,"file7e5873f448d5.xlsx","BG","King mackerel",34,"Sensitivity"
"Genetic diversity",1.2,"file7e5873f448d5.xlsx","BG","King mackerel",35,"Sensitivity"
"Sargassum influx",3.4,"file7e5873f448d5.xlsx","BG","Queen conch",17,"Exposure"
"Habitat specificity",2,"file7e5873f448d5.xlsx","BG","Queen conch",21,"Sensitivity"
"Prey specificity",1.6,"file7e5873f448d5.xlsx","BG","Queen conch",22,"Sensitivity"
"Tolerance to ocean acidification",4,"file7e5873f448d5.xlsx","BG","Queen conch",23,"Sensitivity"
"Complexity in reproductive strategy",4,"file7e5873f448d5.xlsx","BG","Queen conch",24,"Sensitivity"
"Species range",1,"file7e5873f448d5.xlsx","BG","Queen conch",25,"Sensitivity"
"Specificity in early life history requirements",3,"file7e5873f448d5.xlsx","BG","Queen conch",26,"Sensitivity"
"Stock size/status",1.6,"file7e5873f448d5.xlsx","BG","Queen conch",27,"Sensitivity"
"Other stressors",1.2,"file7e5873f448d5.xlsx","BG","Queen conch",28,"Sensitivity"
"Population growth rate",1,"file7e5873f448d5.xlsx","BG","Queen conch",30,"Sensitivity"
"Mobility and dispersal or early life stages",1,"file7e5873f448d5.xlsx","BG","Queen conch",31,"Sensitivity"
"Adult mobility",1,"file7e5873f448d5.xlsx","BG","Queen conch",32,"Sensitivity"
"Spawning characteristics",1.2,"file7e5873f448d5.xlsx","BG","Queen conch",33,"Sensitivity"
"Predation and competition dynamics",1,"file7e5873f448d5.xlsx","BG","Queen conch",34,"Sensitivity"
"Genetic diversity",1,"file7e5873f448d5.xlsx","BG","Queen conch",35,"Sensitivity"
"Sargassum influx",4,"file7e5873f448d5.xlsx","BG","Spiny lobster",17,"Exposure"
"Habitat specificity",2.2,"file7e5873f448d5.xlsx","BG","Spiny lobster",21,"Sensitivity"
"Prey specificity",1,"file7e5873f448d5.xlsx","BG","Spiny lobster",22,"Sensitivity"
"Tolerance to ocean acidification",2.4,"file7e5873f448d5.xlsx","BG","Spiny lobster",23,"Sensitivity"
"Complexity in reproductive strategy",2.2,"file7e5873f448d5.xlsx","BG","Spiny lobster",24,"Sensitivity"
"Species range",2,"file7e5873f448d5.xlsx","BG","Spiny lobster",25,"Sensitivity"
"Specificity in early life history requirements",1.4,"file7e5873f448d5.xlsx","BG","Spiny lobster",26,"Sensitivity"
"Stock size/status",1.4,"file7e5873f448d5.xlsx","BG","Spiny lobster",27,"Sensitivity"
"Other stressors",1,"file7e5873f448d5.xlsx","BG","Spiny lobster",28,"Sensitivity"
"Population growth rate",1.4,"file7e5873f448d5.xlsx","BG","Spiny lobster",30,"Sensitivity"
"Mobility and dispersal or early life stages",1.2,"file7e5873f448d5.xlsx","BG","Spiny lobster",31,"Sensitivity"
"Adult mobility",1,"file7e5873f448d5.xlsx","BG","Spiny lobster",32,"Sensitivity"
"Spawning characteristics",1,"file7e5873f448d5.xlsx","BG","Spiny lobster",33,"Sensitivity"
"Predation and competition dynamics",1,"file7e5873f448d5.xlsx","BG","Spiny lobster",34,"Sensitivity"
"Genetic diversity",1,"file7e5873f448d5.xlsx","BG","Spiny lobster",35,"Sensitivity"
"Sargassum influx",3.6,"file7e58610e7ba.xlsx","CZ","Nassau grouper",17,"Exposure"
"Thermocline depth",2.6,"file7e58610e7ba.xlsx","CZ","Nassau grouper",18,"Exposure"
"Habitat specificity",2.8,"file7e58610e7ba.xlsx","CZ","Nassau grouper",21,"Sensitivity"
"Prey specificity",1.4,"file7e58610e7ba.xlsx","CZ","Nassau grouper",22,"Sensitivity"
"Tolerance to ocean acidification",1.4,"file7e58610e7ba.xlsx","CZ","Nassau grouper",23,"Sensitivity"
"Complexity in reproductive strategy",3.8,"file7e58610e7ba.xlsx","CZ","Nassau grouper",24,"Sensitivity"
"Species range",2.6,"file7e58610e7ba.xlsx","CZ","Nassau grouper",25,"Sensitivity"
"Specificity in early life history requirements",2.6,"file7e58610e7ba.xlsx","CZ","Nassau grouper",26,"Sensitivity"
"Stock size/status",3.2,"file7e58610e7ba.xlsx","CZ","Nassau grouper",27,"Sensitivity"
"Other stressors",2,"file7e58610e7ba.xlsx","CZ","Nassau grouper",28,"Sensitivity"
"Population growth rate",3.2,"file7e58610e7ba.xlsx","CZ","Nassau grouper",30,"Sensitivity"
"Mobility and dispersal or early life stages",2.4,"file7e58610e7ba.xlsx","CZ","Nassau grouper",31,"Sensitivity"
"Adult mobility",1.6,"file7e58610e7ba.xlsx","CZ","Nassau grouper",32,"Sensitivity"
"Spawning characteristics",3.2,"file7e58610e7ba.xlsx","CZ","Nassau grouper",33,"Sensitivity"
"Predation and competition dynamics",1.6,"file7e58610e7ba.xlsx","CZ","Nassau grouper",34,"Sensitivity"
"Genetic diversity",1.6,"file7e58610e7ba.xlsx","CZ","Nassau grouper",35,"Sensitivity"
"Sargassum influx",3.2,"file7e58610e7ba.xlsx","CZ","Queen triggerfish",17,"Exposure"
"Thermocline depth",2.6,"file7e58610e7ba.xlsx","CZ","Queen triggerfish",18,"Exposure"
"Habitat specificity",2,"file7e58610e7ba.xlsx","CZ","Queen triggerfish",21,"Sensitivity"
"Prey specificity",1.4,"file7e58610e7ba.xlsx","CZ","Queen triggerfish",22,"Sensitivity"
"Tolerance to ocean acidification",1.4,"file7e58610e7ba.xlsx","CZ","Queen triggerfish",23,"Sensitivity"
"Complexity in reproductive strategy",1.6,"file7e58610e7ba.xlsx","CZ","Queen triggerfish",24,"Sensitivity"
"Species range",2,"file7e58610e7ba.xlsx","CZ","Queen triggerfish",25,"Sensitivity"
"Specificity in early life history requirements",2.2,"file7e58610e7ba.xlsx","CZ","Queen triggerfish",26,"Sensitivity"
"Stock size/status",2.2,"file7e58610e7ba.xlsx","CZ","Queen triggerfish",27,"Sensitivity"
"Other stressors",2.2,"file7e58610e7ba.xlsx","CZ","Queen triggerfish",28,"Sensitivity"
"Population growth rate",2.2,"file7e58610e7ba.xlsx","CZ","Queen triggerfish",30,"Sensitivity"
"Mobility and dispersal or early life stages",2.2,"file7e58610e7ba.xlsx","CZ","Queen triggerfish",31,"Sensitivity"
"Adult mobility",1.8,"file7e58610e7ba.xlsx","CZ","Queen triggerfish",32,"Sensitivity"
"Spawning characteristics",1.8,"file7e58610e7ba.xlsx","CZ","Queen triggerfish",33,"Sensitivity"
"Predation and competition dynamics",2,"file7e58610e7ba.xlsx","CZ","Queen triggerfish",34,"Sensitivity"
"Genetic diversity",2,"file7e58610e7ba.xlsx","CZ","Queen triggerfish",35,"Sensitivity"
"Sargassum influx",3.4,"file7e58610e7ba.xlsx","CZ","Rainbow parrotfish",17,"Exposure"
"Thermocline depth",2.6,"file7e58610e7ba.xlsx","CZ","Rainbow parrotfish",18,"Exposure"
"Habitat specificity",3.4,"file7e58610e7ba.xlsx","CZ","Rainbow parrotfish",21,"Sensitivity"
"Prey specificity",3.6,"file7e58610e7ba.xlsx","CZ","Rainbow parrotfish",22,"Sensitivity"
"Tolerance to ocean acidification",3.6,"file7e58610e7ba.xlsx","CZ","Rainbow parrotfish",23,"Sensitivity"
"Complexity in reproductive strategy",3.6,"file7e58610e7ba.xlsx","CZ","Rainbow parrotfish",24,"Sensitivity"
"Species range",2,"file7e58610e7ba.xlsx","CZ","Rainbow parrotfish",25,"Sensitivity"
"Specificity in early life history requirements",2.2,"file7e58610e7ba.xlsx","CZ","Rainbow parrotfish",26,"Sensitivity"
"Stock size/status",3,"file7e58610e7ba.xlsx","CZ","Rainbow parrotfish",27,"Sensitivity"
"Other stressors",3,"file7e58610e7ba.xlsx","CZ","Rainbow parrotfish",28,"Sensitivity"
"Population growth rate",3.4,"file7e58610e7ba.xlsx","CZ","Rainbow parrotfish",30,"Sensitivity"
"Mobility and dispersal or early life stages",3.2,"file7e58610e7ba.xlsx","CZ","Rainbow parrotfish",31,"Sensitivity"
"Adult mobility",2.8,"file7e58610e7ba.xlsx","CZ","Rainbow parrotfish",32,"Sensitivity"
"Spawning characteristics",2,"file7e58610e7ba.xlsx","CZ","Rainbow parrotfish",33,"Sensitivity"
"Predation and competition dynamics",3.2,"file7e58610e7ba.xlsx","CZ","Rainbow parrotfish",34,"Sensitivity"
"Genetic diversity",2.6,"file7e58610e7ba.xlsx","CZ","Rainbow parrotfish",35,"Sensitivity"
"Sargassum influx",3.6,"file7e58610e7ba.xlsx","CZ","Red hind",17,"Exposure"
"Thermocline depth",2.6,"file7e58610e7ba.xlsx","CZ","Red hind",18,"Exposure"
"Habitat specificity",2,"file7e58610e7ba.xlsx","CZ","Red hind",21,"Sensitivity"
"Prey specificity",1.4,"file7e58610e7ba.xlsx","CZ","Red hind",22,"Sensitivity"
"Tolerance to ocean acidification",1.4,"file7e58610e7ba.xlsx","CZ","Red hind",23,"Sensitivity"
"Complexity in reproductive strategy",3.8,"file7e58610e7ba.xlsx","CZ","Red hind",24,"Sensitivity"
"Species range",1.6,"file7e58610e7ba.xlsx","CZ","Red hind",25,"Sensitivity"
"Specificity in early life history requirements",2.6,"file7e58610e7ba.xlsx","CZ","Red hind",26,"Sensitivity"
"Stock size/status",3.2,"file7e58610e7ba.xlsx","CZ","Red hind",27,"Sensitivity"
"Other stressors",2,"file7e58610e7ba.xlsx","CZ","Red hind",28,"Sensitivity"
"Population growth rate",3.2,"file7e58610e7ba.xlsx","CZ","Red hind",30,"Sensitivity"
"Mobility and dispersal or early life stages",2.8,"file7e58610e7ba.xlsx","CZ","Red hind",31,"Sensitivity"
"Adult mobility",1.6,"file7e58610e7ba.xlsx","CZ","Red hind",32,"Sensitivity"
"Spawning characteristics",3.2,"file7e58610e7ba.xlsx","CZ","Red hind",33,"Sensitivity"
"Predation and competition dynamics",2.4,"file7e58610e7ba.xlsx","CZ","Red hind",34,"Sensitivity"
"Genetic diversity",1.6,"file7e58610e7ba.xlsx","CZ","Red hind",35,"Sensitivity"
"Sargassum influx",3.2,"file7e58610e7ba.xlsx","CZ","Stoplight parrotfish",17,"Exposure"
"Thermocline depth",2.6,"file7e58610e7ba.xlsx","CZ","Stoplight parrotfish",18,"Exposure"
"Habitat specificity",3.4,"file7e58610e7ba.xlsx","CZ","Stoplight parrotfish",21,"Sensitivity"
"Prey specificity",3.6,"file7e58610e7ba.xlsx","CZ","Stoplight parrotfish",22,"Sensitivity"
"Tolerance to ocean acidification",3.6,"file7e58610e7ba.xlsx","CZ","Stoplight parrotfish",23,"Sensitivity"
"Complexity in reproductive strategy",2.4,"file7e58610e7ba.xlsx","CZ","Stoplight parrotfish",24,"Sensitivity"
"Species range",1.8,"file7e58610e7ba.xlsx","CZ","Stoplight parrotfish",25,"Sensitivity"
"Specificity in early life history requirements",2.2,"file7e58610e7ba.xlsx","CZ","Stoplight parrotfish",26,"Sensitivity"
"Stock size/status",2,"file7e58610e7ba.xlsx","CZ","Stoplight parrotfish",27,"Sensitivity"
"Other stressors",2,"file7e58610e7ba.xlsx","CZ","Stoplight parrotfish",28,"Sensitivity"
"Population growth rate",2,"file7e58610e7ba.xlsx","CZ","Stoplight parrotfish",30,"Sensitivity"
"Mobility and dispersal or early life stages",2.2,"file7e58610e7ba.xlsx","CZ","Stoplight parrotfish",31,"Sensitivity"
"Adult mobility",2,"file7e58610e7ba.xlsx","CZ","Stoplight parrotfish",32,"Sensitivity"
"Spawning characteristics",1.6,"file7e58610e7ba.xlsx","CZ","Stoplight parrotfish",33,"Sensitivity"
"Predation and competition dynamics",2.6,"file7e58610e7ba.xlsx","CZ","Stoplight parrotfish",34,"Sensitivity"
"Genetic diversity",1.8,"file7e58610e7ba.xlsx","CZ","Stoplight parrotfish",35,"Sensitivity"
"Sargassum influx",3.2,"file7e58610e7ba.xlsx","CZ","Yellowfin grouper",17,"Exposure"
"Thermocline depth",3.6,"file7e58610e7ba.xlsx","CZ","Yellowfin grouper",18,"Exposure"
"Habitat specificity",2.2,"file7e58610e7ba.xlsx","CZ","Yellowfin grouper",21,"Sensitivity"
"Prey specificity",1.4,"file7e58610e7ba.xlsx","CZ","Yellowfin grouper",22,"Sensitivity"
"Tolerance to ocean acidification",1.4,"file7e58610e7ba.xlsx","CZ","Yellowfin grouper",23,"Sensitivity"
"Complexity in reproductive strategy",3.8,"file7e58610e7ba.xlsx","CZ","Yellowfin grouper",24,"Sensitivity"
"Species range",3,"file7e58610e7ba.xlsx","CZ","Yellowfin grouper",25,"Sensitivity"
"Specificity in early life history requirements",2.6,"file7e58610e7ba.xlsx","CZ","Yellowfin grouper",26,"Sensitivity"
"Stock size/status",3,"file7e58610e7ba.xlsx","CZ","Yellowfin grouper",27,"Sensitivity"
"Other stressors",2,"file7e58610e7ba.xlsx","CZ","Yellowfin grouper",28,"Sensitivity"
"Population growth rate",3.2,"file7e58610e7ba.xlsx","CZ","Yellowfin grouper",30,"Sensitivity"
"Mobility and dispersal or early life stages",3,"file7e58610e7ba.xlsx","CZ","Yellowfin grouper",31,"Sensitivity"
"Adult mobility",2.2,"file7e58610e7ba.xlsx","CZ","Yellowfin grouper",32,"Sensitivity"
"Spawning characteristics",3.2,"file7e58610e7ba.xlsx","CZ","Yellowfin grouper",33,"Sensitivity"
"Predation and competition dynamics",3,"file7e58610e7ba.xlsx","CZ","Yellowfin grouper",34,"Sensitivity"
"Genetic diversity",2,"file7e58610e7ba.xlsx","CZ","Yellowfin grouper",35,"Sensitivity"
"Sargassum influx",2.6,"file7e5822327cb.xlsx","DB","Atlantic thread herring",17,"Exposure"
"Habitat specificity",2.8,"file7e5822327cb.xlsx","DB","Atlantic thread herring",21,"Sensitivity"
"Prey specificity",1,"file7e5822327cb.xlsx","DB","Atlantic thread herring",22,"Sensitivity"
"Tolerance to ocean acidification",1.2,"file7e5822327cb.xlsx","DB","Atlantic thread herring",23,"Sensitivity"
"Complexity in reproductive strategy",1.2,"file7e5822327cb.xlsx","DB","Atlantic thread herring",24,"Sensitivity"
"Species range",1,"file7e5822327cb.xlsx","DB","Atlantic thread herring",25,"Sensitivity"
"Specificity in early life history requirements",2.4,"file7e5822327cb.xlsx","DB","Atlantic thread herring",26,"Sensitivity"
"Stock size/status",1.2,"file7e5822327cb.xlsx","DB","Atlantic thread herring",27,"Sensitivity"
"Other stressors",1,"file7e5822327cb.xlsx","DB","Atlantic thread herring",28,"Sensitivity"
"Population growth rate",1,"file7e5822327cb.xlsx","DB","Atlantic thread herring",30,"Sensitivity"
"Mobility and dispersal or early life stages",1.2,"file7e5822327cb.xlsx","DB","Atlantic thread herring",31,"Sensitivity"
"Adult mobility",1,"file7e5822327cb.xlsx","DB","Atlantic thread herring",32,"Sensitivity"
"Spawning characteristics",2,"file7e5822327cb.xlsx","DB","Atlantic thread herring",33,"Sensitivity"
"Predation and competition dynamics",1.2,"file7e5822327cb.xlsx","DB","Atlantic thread herring",34,"Sensitivity"
"Genetic diversity",1.2,"file7e5822327cb.xlsx","DB","Atlantic thread herring",35,"Sensitivity"
"Sargassum influx",2.4,"file7e5822327cb.xlsx","DB","Blue runner",17,"Exposure"
"Thermocline depth",1.8,"file7e5822327cb.xlsx","DB","Blue runner",18,"Exposure"
"Habitat specificity",1,"file7e5822327cb.xlsx","DB","Blue runner",21,"Sensitivity"
"Prey specificity",1.4,"file7e5822327cb.xlsx","DB","Blue runner",22,"Sensitivity"
"Tolerance to ocean acidification",1.2,"file7e5822327cb.xlsx","DB","Blue runner",23,"Sensitivity"
"Complexity in reproductive strategy",1.4,"file7e5822327cb.xlsx","DB","Blue runner",24,"Sensitivity"
"Species range",1,"file7e5822327cb.xlsx","DB","Blue runner",25,"Sensitivity"
"Specificity in early life history requirements",1,"file7e5822327cb.xlsx","DB","Blue runner",26,"Sensitivity"
"Stock size/status",1.4,"file7e5822327cb.xlsx","DB","Blue runner",27,"Sensitivity"
"Other stressors",1.4,"file7e5822327cb.xlsx","DB","Blue runner",28,"Sensitivity"
"Population growth rate",1.4,"file7e5822327cb.xlsx","DB","Blue runner",30,"Sensitivity"
"Mobility and dispersal or early life stages",1.4,"file7e5822327cb.xlsx","DB","Blue runner",31,"Sensitivity"
"Adult mobility",1,"file7e5822327cb.xlsx","DB","Blue runner",32,"Sensitivity"
"Spawning characteristics",1.2,"file7e5822327cb.xlsx","DB","Blue runner",33,"Sensitivity"
"Predation and competition dynamics",2.4,"file7e5822327cb.xlsx","DB","Blue runner",34,"Sensitivity"
"Genetic diversity",1,"file7e5822327cb.xlsx","DB","Blue runner",35,"Sensitivity"
"Sargassum influx",2.4,"file7e5822327cb.xlsx","DB","Dolphinfish",17,"Exposure"
"Thermocline depth",1.8,"file7e5822327cb.xlsx","DB","Dolphinfish",18,"Exposure"
"Habitat specificity",1.2,"file7e5822327cb.xlsx","DB","Dolphinfish",21,"Sensitivity"
"Prey specificity",1,"file7e5822327cb.xlsx","DB","Dolphinfish",22,"Sensitivity"
"Tolerance to ocean acidification",1,"file7e5822327cb.xlsx","DB","Dolphinfish",23,"Sensitivity"
"Complexity in reproductive strategy",1,"file7e5822327cb.xlsx","DB","Dolphinfish",24,"Sensitivity"
"Species range",1,"file7e5822327cb.xlsx","DB","Dolphinfish",25,"Sensitivity"
"Specificity in early life history requirements",1.4,"file7e5822327cb.xlsx","DB","Dolphinfish",26,"Sensitivity"
"Stock size/status",1,"file7e5822327cb.xlsx","DB","Dolphinfish",27,"Sensitivity"
"Other stressors",1.4,"file7e5822327cb.xlsx","DB","Dolphinfish",28,"Sensitivity"
"Population growth rate",1,"file7e5822327cb.xlsx","DB","Dolphinfish",30,"Sensitivity"
"Mobility and dispersal or early life stages",1.2,"file7e5822327cb.xlsx","DB","Dolphinfish",31,"Sensitivity"
"Adult mobility",1,"file7e5822327cb.xlsx","DB","Dolphinfish",32,"Sensitivity"
"Spawning characteristics",1,"file7e5822327cb.xlsx","DB","Dolphinfish",33,"Sensitivity"
"Predation and competition dynamics",2.4,"file7e5822327cb.xlsx","DB","Dolphinfish",34,"Sensitivity"
"Genetic diversity",1,"file7e5822327cb.xlsx","DB","Dolphinfish",35,"Sensitivity"
"Sargassum influx",2.2,"file7e5822327cb.xlsx","DB","Long-spined sea urchin",17,"Exposure"
"Habitat specificity",1.4,"file7e5822327cb.xlsx","DB","Long-spined sea urchin",21,"Sensitivity"
"Prey specificity",1.4,"file7e5822327cb.xlsx","DB","Long-spined sea urchin",22,"Sensitivity"
"Tolerance to ocean acidification",3,"file7e5822327cb.xlsx","DB","Long-spined sea urchin",23,"Sensitivity"
"Complexity in reproductive strategy",2.8,"file7e5822327cb.xlsx","DB","Long-spined sea urchin",24,"Sensitivity"
"Species range",1.2,"file7e5822327cb.xlsx","DB","Long-spined sea urchin",25,"Sensitivity"
"Specificity in early life history requirements",2.4,"file7e5822327cb.xlsx","DB","Long-spined sea urchin",26,"Sensitivity"
"Stock size/status",1.4,"file7e5822327cb.xlsx","DB","Long-spined sea urchin",27,"Sensitivity"
"Other stressors",1.8,"file7e5822327cb.xlsx","DB","Long-spined sea urchin",28,"Sensitivity"
"Population growth rate",1.4,"file7e5822327cb.xlsx","DB","Long-spined sea urchin",30,"Sensitivity"
"Mobility and dispersal or early life stages",1.2,"file7e5822327cb.xlsx","DB","Long-spined sea urchin",31,"Sensitivity"
"Adult mobility",2.8,"file7e5822327cb.xlsx","DB","Long-spined sea urchin",32,"Sensitivity"
"Spawning characteristics",2,"file7e5822327cb.xlsx","DB","Long-spined sea urchin",33,"Sensitivity"
"Predation and competition dynamics",1.6,"file7e5822327cb.xlsx","DB","Long-spined sea urchin",34,"Sensitivity"
"Genetic diversity",2.6,"file7e5822327cb.xlsx","DB","Long-spined sea urchin",35,"Sensitivity"
"Sargassum influx",1.2,"file7e5822327cb.xlsx","DB","Spiny lobster",17,"Exposure"
"Habitat specificity",2.6,"file7e5822327cb.xlsx","DB","Spiny lobster",21,"Sensitivity"
"Prey specificity",1,"file7e5822327cb.xlsx","DB","Spiny lobster",22,"Sensitivity"
"Tolerance to ocean acidification",2.4,"file7e5822327cb.xlsx","DB","Spiny lobster",23,"Sensitivity"
"Complexity in reproductive strategy",1.4,"file7e5822327cb.xlsx","DB","Spiny lobster",24,"Sensitivity"
"Species range",1,"file7e5822327cb.xlsx","DB","Spiny lobster",25,"Sensitivity"
"Specificity in early life history requirements",3.2,"file7e5822327cb.xlsx","DB","Spiny lobster",26,"Sensitivity"
"Stock size/status",1.8,"file7e5822327cb.xlsx","DB","Spiny lobster",27,"Sensitivity"
"Other stressors",2,"file7e5822327cb.xlsx","DB","Spiny lobster",28,"Sensitivity"
"Population growth rate",2,"file7e5822327cb.xlsx","DB","Spiny lobster",30,"Sensitivity"
"Mobility and dispersal or early life stages",1,"file7e5822327cb.xlsx","DB","Spiny lobster",31,"Sensitivity"
"Adult mobility",2,"file7e5822327cb.xlsx","DB","Spiny lobster",32,"Sensitivity"
"Spawning characteristics",1.4,"file7e5822327cb.xlsx","DB","Spiny lobster",33,"Sensitivity"
"Predation and competition dynamics",1.4,"file7e5822327cb.xlsx","DB","Spiny lobster",34,"Sensitivity"
"Genetic diversity",1.2,"file7e5822327cb.xlsx","DB","Spiny lobster",35,"Sensitivity"
"Sargassum influx",2.6,"file7e5822327cb.xlsx","DB","White mullet",17,"Exposure"
"Habitat specificity",2.4,"file7e5822327cb.xlsx","DB","White mullet",21,"Sensitivity"
"Prey specificity",1,"file7e5822327cb.xlsx","DB","White mullet",22,"Sensitivity"
"Tolerance to ocean acidification",1,"file7e5822327cb.xlsx","DB","White mullet",23,"Sensitivity"
"Complexity in reproductive strategy",1.8,"file7e5822327cb.xlsx","DB","White mullet",24,"Sensitivity"
"Species range",1,"file7e5822327cb.xlsx","DB","White mullet",25,"Sensitivity"
"Specificity in early life history requirements",1.4,"file7e5822327cb.xlsx","DB","White mullet",26,"Sensitivity"
"Stock size/status",1.2,"file7e5822327cb.xlsx","DB","White mullet",27,"Sensitivity"
"Other stressors",2.4,"file7e5822327cb.xlsx","DB","White mullet",28,"Sensitivity"
"Population growth rate",2.6,"file7e5822327cb.xlsx","DB","White mullet",30,"Sensitivity"
"Mobility and dispersal or early life stages",3,"file7e5822327cb.xlsx","DB","White mullet",31,"Sensitivity"
"Adult mobility",1.8,"file7e5822327cb.xlsx","DB","White mullet",32,"Sensitivity"
"Spawning characteristics",1.2,"file7e5822327cb.xlsx","DB","White mullet",33,"Sensitivity"
"Predation and competition dynamics",1.2,"file7e5822327cb.xlsx","DB","White mullet",34,"Sensitivity"
"Genetic diversity",1.4,"file7e5822327cb.xlsx","DB","White mullet",35,"Sensitivity"
"Sargassum influx",3.4,"file7e58454a7d5.xlsx","ET","Gray angelfish",17,"Exposure"
"Thermocline depth",2,"file7e58454a7d5.xlsx","ET","Gray angelfish",18,"Exposure"
"Habitat specificity",3,"file7e58454a7d5.xlsx","ET","Gray angelfish",21,"Sensitivity"
"Prey specificity",1.6,"file7e58454a7d5.xlsx","ET","Gray angelfish",22,"Sensitivity"
"Tolerance to ocean acidification",2.2,"file7e58454a7d5.xlsx","ET","Gray angelfish",23,"Sensitivity"
"Complexity in reproductive strategy",1,"file7e58454a7d5.xlsx","ET","Gray angelfish",24,"Sensitivity"
"Species range",1,"file7e58454a7d5.xlsx","ET","Gray angelfish",25,"Sensitivity"
"Specificity in early life history requirements",2,"file7e58454a7d5.xlsx","ET","Gray angelfish",26,"Sensitivity"
"Stock size/status",1,"file7e58454a7d5.xlsx","ET","Gray angelfish",27,"Sensitivity"
"Other stressors",2,"file7e58454a7d5.xlsx","ET","Gray angelfish",28,"Sensitivity"
"Population growth rate",3,"file7e58454a7d5.xlsx","ET","Gray angelfish",30,"Sensitivity"
"Mobility and dispersal or early life stages",2,"file7e58454a7d5.xlsx","ET","Gray angelfish",31,"Sensitivity"
"Adult mobility",3,"file7e58454a7d5.xlsx","ET","Gray angelfish",32,"Sensitivity"
"Spawning characteristics",2,"file7e58454a7d5.xlsx","ET","Gray angelfish",33,"Sensitivity"
"Predation and competition dynamics",1,"file7e58454a7d5.xlsx","ET","Gray angelfish",34,"Sensitivity"
"Genetic diversity",1.6,"file7e58454a7d5.xlsx","ET","Gray angelfish",35,"Sensitivity"
"Sargassum influx",4,"file7e58454a7d5.xlsx","ET","Lane snapper",17,"Exposure"
"Habitat specificity",2.8,"file7e58454a7d5.xlsx","ET","Lane snapper",21,"Sensitivity"
"Prey specificity",1.2,"file7e58454a7d5.xlsx","ET","Lane snapper",22,"Sensitivity"
"Tolerance to ocean acidification",3.4,"file7e58454a7d5.xlsx","ET","Lane snapper",23,"Sensitivity"
"Complexity in reproductive strategy",2.4,"file7e58454a7d5.xlsx","ET","Lane snapper",24,"Sensitivity"
"Species range",1,"file7e58454a7d5.xlsx","ET","Lane snapper",25,"Sensitivity"
"Specificity in early life history requirements",2.4,"file7e58454a7d5.xlsx","ET","Lane snapper",26,"Sensitivity"
"Stock size/status",2.2,"file7e58454a7d5.xlsx","ET","Lane snapper",27,"Sensitivity"
"Other stressors",2.4,"file7e58454a7d5.xlsx","ET","Lane snapper",28,"Sensitivity"
"Population growth rate",2.8,"file7e58454a7d5.xlsx","ET","Lane snapper",30,"Sensitivity"
"Mobility and dispersal or early life stages",2,"file7e58454a7d5.xlsx","ET","Lane snapper",31,"Sensitivity"
"Adult mobility",2,"file7e58454a7d5.xlsx","ET","Lane snapper",32,"Sensitivity"
"Spawning characteristics",1.2,"file7e58454a7d5.xlsx","ET","Lane snapper",33,"Sensitivity"
"Predation and competition dynamics",2.4,"file7e58454a7d5.xlsx","ET","Lane snapper",34,"Sensitivity"
"Genetic diversity",2,"file7e58454a7d5.xlsx","ET","Lane snapper",35,"Sensitivity"
"Sargassum influx",1,"file7e58454a7d5.xlsx","ET","Misty grouper",17,"Exposure"
"Habitat specificity",2.4,"file7e58454a7d5.xlsx","ET","Misty grouper",21,"Sensitivity"
"Prey specificity",2,"file7e58454a7d5.xlsx","ET","Misty grouper",22,"Sensitivity"
"Tolerance to ocean acidification",2.4,"file7e58454a7d5.xlsx","ET","Misty grouper",23,"Sensitivity"
"Complexity in reproductive strategy",2.4,"file7e58454a7d5.xlsx","ET","Misty grouper",24,"Sensitivity"
"Species range",1,"file7e58454a7d5.xlsx","ET","Misty grouper",25,"Sensitivity"
"Specificity in early life history requirements",1.8,"file7e58454a7d5.xlsx","ET","Misty grouper",26,"Sensitivity"
"Stock size/status",2.6,"file7e58454a7d5.xlsx","ET","Misty grouper",27,"Sensitivity"
"Other stressors",1.4,"file7e58454a7d5.xlsx","ET","Misty grouper",28,"Sensitivity"
"Population growth rate",3.8,"file7e58454a7d5.xlsx","ET","Misty grouper",30,"Sensitivity"
"Mobility and dispersal or early life stages",2,"file7e58454a7d5.xlsx","ET","Misty grouper",31,"Sensitivity"
"Adult mobility",2,"file7e58454a7d5.xlsx","ET","Misty grouper",32,"Sensitivity"
"Spawning characteristics",3,"file7e58454a7d5.xlsx","ET","Misty grouper",33,"Sensitivity"
"Predation and competition dynamics",2.4,"file7e58454a7d5.xlsx","ET","Misty grouper",34,"Sensitivity"
"Genetic diversity",3,"file7e58454a7d5.xlsx","ET","Misty grouper",35,"Sensitivity"
"Sargassum influx",1.2,"file7e58454a7d5.xlsx","ET","Queen triggerfish",17,"Exposure"
"Thermocline depth",1.4,"file7e58454a7d5.xlsx","ET","Queen triggerfish",18,"Exposure"
"Habitat specificity",2.8,"file7e58454a7d5.xlsx","ET","Queen triggerfish",21,"Sensitivity"
"Prey specificity",2,"file7e58454a7d5.xlsx","ET","Queen triggerfish",22,"Sensitivity"
"Tolerance to ocean acidification",3,"file7e58454a7d5.xlsx","ET","Queen triggerfish",23,"Sensitivity"
"Complexity in reproductive strategy",1.4,"file7e58454a7d5.xlsx","ET","Queen triggerfish",24,"Sensitivity"
"Species range",1,"file7e58454a7d5.xlsx","ET","Queen triggerfish",25,"Sensitivity"
"Specificity in early life history requirements",2,"file7e58454a7d5.xlsx","ET","Queen triggerfish",26,"Sensitivity"
"Stock size/status",1.4,"file7e58454a7d5.xlsx","ET","Queen triggerfish",27,"Sensitivity"
"Other stressors",2.6,"file7e58454a7d5.xlsx","ET","Queen triggerfish",28,"Sensitivity"
"Population growth rate",3,"file7e58454a7d5.xlsx","ET","Queen triggerfish",30,"Sensitivity"
"Mobility and dispersal or early life stages",2.2,"file7e58454a7d5.xlsx","ET","Queen triggerfish",31,"Sensitivity"
"Adult mobility",3,"file7e58454a7d5.xlsx","ET","Queen triggerfish",32,"Sensitivity"
"Spawning characteristics",2,"file7e58454a7d5.xlsx","ET","Queen triggerfish",33,"Sensitivity"
"Predation and competition dynamics",1,"file7e58454a7d5.xlsx","ET","Queen triggerfish",34,"Sensitivity"
"Genetic diversity",2.8,"file7e58454a7d5.xlsx","ET","Queen triggerfish",35,"Sensitivity"
"Sargassum influx",4,"file7e58454a7d5.xlsx","ET","Yellowtail snapper",17,"Exposure"
"Habitat specificity",2.6,"file7e58454a7d5.xlsx","ET","Yellowtail snapper",21,"Sensitivity"
"Prey specificity",1,"file7e58454a7d5.xlsx","ET","Yellowtail snapper",22,"Sensitivity"
"Tolerance to ocean acidification",2.8,"file7e58454a7d5.xlsx","ET","Yellowtail snapper",23,"Sensitivity"
"Complexity in reproductive strategy",2,"file7e58454a7d5.xlsx","ET","Yellowtail snapper",24,"Sensitivity"
"Species range",1,"file7e58454a7d5.xlsx","ET","Yellowtail snapper",25,"Sensitivity"
"Specificity in early life history requirements",2.4,"file7e58454a7d5.xlsx","ET","Yellowtail snapper",26,"Sensitivity"
"Stock size/status",1,"file7e58454a7d5.xlsx","ET","Yellowtail snapper",27,"Sensitivity"
"Other stressors",1.4,"file7e58454a7d5.xlsx","ET","Yellowtail snapper",28,"Sensitivity"
"Population growth rate",2.4,"file7e58454a7d5.xlsx","ET","Yellowtail snapper",30,"Sensitivity"
"Mobility and dispersal or early life stages",2,"file7e58454a7d5.xlsx","ET","Yellowtail snapper",31,"Sensitivity"
"Adult mobility",2.4,"file7e58454a7d5.xlsx","ET","Yellowtail snapper",32,"Sensitivity"
"Spawning characteristics",1.4,"file7e58454a7d5.xlsx","ET","Yellowtail snapper",33,"Sensitivity"
"Predation and competition dynamics",1.4,"file7e58454a7d5.xlsx","ET","Yellowtail snapper",34,"Sensitivity"
"Genetic diversity",2,"file7e58454a7d5.xlsx","ET","Yellowtail snapper",35,"Sensitivity"
"Sargassum influx",3.6,"file7e582d0a1e4e.xlsx","GR","Gray angelfish",17,"Exposure"
"Thermocline depth",3.6,"file7e582d0a1e4e.xlsx","GR","Gray angelfish",18,"Exposure"
"Habitat specificity",2.8,"file7e582d0a1e4e.xlsx","GR","Gray angelfish",21,"Sensitivity"
"Prey specificity",2.6,"file7e582d0a1e4e.xlsx","GR","Gray angelfish",22,"Sensitivity"
"Tolerance to ocean acidification",1.6,"file7e582d0a1e4e.xlsx","GR","Gray angelfish",23,"Sensitivity"
"Complexity in reproductive strategy",2.6,"file7e582d0a1e4e.xlsx","GR","Gray angelfish",24,"Sensitivity"
"Species range",3,"file7e582d0a1e4e.xlsx","GR","Gray angelfish",25,"Sensitivity"
"Specificity in early life history requirements",2.6,"file7e582d0a1e4e.xlsx","GR","Gray angelfish",26,"Sensitivity"
"Stock size/status",2.4,"file7e582d0a1e4e.xlsx","GR","Gray angelfish",27,"Sensitivity"
"Other stressors",1.6,"file7e582d0a1e4e.xlsx","GR","Gray angelfish",28,"Sensitivity"
"Population growth rate",2.6,"file7e582d0a1e4e.xlsx","GR","Gray angelfish",30,"Sensitivity"
"Mobility and dispersal or early life stages",2.4,"file7e582d0a1e4e.xlsx","GR","Gray angelfish",31,"Sensitivity"
"Adult mobility",4,"file7e582d0a1e4e.xlsx","GR","Gray angelfish",32,"Sensitivity"
"Spawning characteristics",3.8,"file7e582d0a1e4e.xlsx","GR","Gray angelfish",33,"Sensitivity"
"Predation and competition dynamics",2.6,"file7e582d0a1e4e.xlsx","GR","Gray angelfish",34,"Sensitivity"
"Genetic diversity",2.4,"file7e582d0a1e4e.xlsx","GR","Gray angelfish",35,"Sensitivity"
"Sargassum influx",2.8,"file7e582d0a1e4e.xlsx","GR","Hogfish",17,"Exposure"
"Thermocline depth",1.6,"file7e582d0a1e4e.xlsx","GR","Hogfish",18,"Exposure"
"Habitat specificity",3.6,"file7e582d0a1e4e.xlsx","GR","Hogfish",21,"Sensitivity"
"Prey specificity",4,"file7e582d0a1e4e.xlsx","GR","Hogfish",22,"Sensitivity"
"Tolerance to ocean acidification",2.6,"file7e582d0a1e4e.xlsx","GR","Hogfish",23,"Sensitivity"
"Complexity in reproductive strategy",1.2,"file7e582d0a1e4e.xlsx","GR","Hogfish",24,"Sensitivity"
"Species range",3.2,"file7e582d0a1e4e.xlsx","GR","Hogfish",25,"Sensitivity"
"Specificity in early life history requirements",2.8,"file7e582d0a1e4e.xlsx","GR","Hogfish",26,"Sensitivity"
"Stock size/status",1.8,"file7e582d0a1e4e.xlsx","GR","Hogfish",27,"Sensitivity"
"Other stressors",1.2,"file7e582d0a1e4e.xlsx","GR","Hogfish",28,"Sensitivity"
"Population growth rate",2.2,"file7e582d0a1e4e.xlsx","GR","Hogfish",30,"Sensitivity"
"Mobility and dispersal or early life stages",2.8,"file7e582d0a1e4e.xlsx","GR","Hogfish",31,"Sensitivity"
"Adult mobility",4,"file7e582d0a1e4e.xlsx","GR","Hogfish",32,"Sensitivity"
"Spawning characteristics",3,"file7e582d0a1e4e.xlsx","GR","Hogfish",33,"Sensitivity"
"Predation and competition dynamics",2.2,"file7e582d0a1e4e.xlsx","GR","Hogfish",34,"Sensitivity"
"Genetic diversity",1.6,"file7e582d0a1e4e.xlsx","GR","Hogfish",35,"Sensitivity"
"Sargassum influx",1.4,"file7e582d0a1e4e.xlsx","GR","Queen triggerfish",17,"Exposure"
"Thermocline depth",1.4,"file7e582d0a1e4e.xlsx","GR","Queen triggerfish",18,"Exposure"
"Habitat specificity",2.6,"file7e582d0a1e4e.xlsx","GR","Queen triggerfish",21,"Sensitivity"
"Prey specificity",2.8,"file7e582d0a1e4e.xlsx","GR","Queen triggerfish",22,"Sensitivity"
"Tolerance to ocean acidification",1.6,"file7e582d0a1e4e.xlsx","GR","Queen triggerfish",23,"Sensitivity"
"Complexity in reproductive strategy",2.6,"file7e582d0a1e4e.xlsx","GR","Queen triggerfish",24,"Sensitivity"
"Species range",2.8,"file7e582d0a1e4e.xlsx","GR","Queen triggerfish",25,"Sensitivity"
"Specificity in early life history requirements",1.6,"file7e582d0a1e4e.xlsx","GR","Queen triggerfish",26,"Sensitivity"
"Stock size/status",1.6,"file7e582d0a1e4e.xlsx","GR","Queen triggerfish",27,"Sensitivity"
"Other stressors",1.4,"file7e582d0a1e4e.xlsx","GR","Queen triggerfish",28,"Sensitivity"
"Population growth rate",1.6,"file7e582d0a1e4e.xlsx","GR","Queen triggerfish",30,"Sensitivity"
"Mobility and dispersal or early life stages",4,"file7e582d0a1e4e.xlsx","GR","Queen triggerfish",31,"Sensitivity"
"Adult mobility",2.2,"file7e582d0a1e4e.xlsx","GR","Queen triggerfish",32,"Sensitivity"
"Spawning characteristics",2.8,"file7e582d0a1e4e.xlsx","GR","Queen triggerfish",33,"Sensitivity"
"Predation and competition dynamics",2.2,"file7e582d0a1e4e.xlsx","GR","Queen triggerfish",34,"Sensitivity"
"Genetic diversity",1.6,"file7e582d0a1e4e.xlsx","GR","Queen triggerfish",35,"Sensitivity"
"Sargassum influx",2.8,"file7e582d0a1e4e.xlsx","GR","Rainbow parrotfish",17,"Exposure"
"Thermocline depth",2.6,"file7e582d0a1e4e.xlsx","GR","Rainbow parrotfish",18,"Exposure"
"Habitat specificity",3.6,"file7e582d0a1e4e.xlsx","GR","Rainbow parrotfish",21,"Sensitivity"
"Prey specificity",3.4,"file7e582d0a1e4e.xlsx","GR","Rainbow parrotfish",22,"Sensitivity"
"Tolerance to ocean acidification",2.4,"file7e582d0a1e4e.xlsx","GR","Rainbow parrotfish",23,"Sensitivity"
"Complexity in reproductive strategy",1.8,"file7e582d0a1e4e.xlsx","GR","Rainbow parrotfish",24,"Sensitivity"
"Species range",2.6,"file7e582d0a1e4e.xlsx","GR","Rainbow parrotfish",25,"Sensitivity"
"Specificity in early life history requirements",2.6,"file7e582d0a1e4e.xlsx","GR","Rainbow parrotfish",26,"Sensitivity"
"Stock size/status",3.8,"file7e582d0a1e4e.xlsx","GR","Rainbow parrotfish",27,"Sensitivity"
"Other stressors",2.4,"file7e582d0a1e4e.xlsx","GR","Rainbow parrotfish",28,"Sensitivity"
"Population growth rate",2.6,"file7e582d0a1e4e.xlsx","GR","Rainbow parrotfish",30,"Sensitivity"
"Mobility and dispersal or early life stages",2.6,"file7e582d0a1e4e.xlsx","GR","Rainbow parrotfish",31,"Sensitivity"
"Adult mobility",1.6,"file7e582d0a1e4e.xlsx","GR","Rainbow parrotfish",32,"Sensitivity"
"Spawning characteristics",2.4,"file7e582d0a1e4e.xlsx","GR","Rainbow parrotfish",33,"Sensitivity"
"Predation and competition dynamics",2.8,"file7e582d0a1e4e.xlsx","GR","Rainbow parrotfish",34,"Sensitivity"
"Genetic diversity",2.2,"file7e582d0a1e4e.xlsx","GR","Rainbow parrotfish",35,"Sensitivity"
"Sargassum influx",2.4,"file7e582d0a1e4e.xlsx","GR","Stoplight parrotfish",17,"Exposure"
"Thermocline depth",2.4,"file7e582d0a1e4e.xlsx","GR","Stoplight parrotfish",18,"Exposure"
"Habitat specificity",2.8,"file7e582d0a1e4e.xlsx","GR","Stoplight parrotfish",21,"Sensitivity"
"Prey specificity",2.6,"file7e582d0a1e4e.xlsx","GR","Stoplight parrotfish",22,"Sensitivity"
"Tolerance to ocean acidification",2.4,"file7e582d0a1e4e.xlsx","GR","Stoplight parrotfish",23,"Sensitivity"
"Complexity in reproductive strategy",2.2,"file7e582d0a1e4e.xlsx","GR","Stoplight parrotfish",24,"Sensitivity"
"Species range",3,"file7e582d0a1e4e.xlsx","GR","Stoplight parrotfish",25,"Sensitivity"
"Specificity in early life history requirements",2.4,"file7e582d0a1e4e.xlsx","GR","Stoplight parrotfish",26,"Sensitivity"
"Stock size/status",2.4,"file7e582d0a1e4e.xlsx","GR","Stoplight parrotfish",27,"Sensitivity"
"Other stressors",2.6,"file7e582d0a1e4e.xlsx","GR","Stoplight parrotfish",28,"Sensitivity"
"Population growth rate",1.6,"file7e582d0a1e4e.xlsx","GR","Stoplight parrotfish",30,"Sensitivity"
"Mobility and dispersal or early life stages",2.8,"file7e582d0a1e4e.xlsx","GR","Stoplight parrotfish",31,"Sensitivity"
"Adult mobility",1.4,"file7e582d0a1e4e.xlsx","GR","Stoplight parrotfish",32,"Sensitivity"
"Spawning characteristics",1,"file7e582d0a1e4e.xlsx","GR","Stoplight parrotfish",33,"Sensitivity"
"Predation and competition dynamics",2.6,"file7e582d0a1e4e.xlsx","GR","Stoplight parrotfish",34,"Sensitivity"
"Genetic diversity",1,"file7e582d0a1e4e.xlsx","GR","Stoplight parrotfish",35,"Sensitivity"
"Sargassum influx",2.4,"file7e5857c2732e.xlsx","JP","Ballyhoo",17,"Exposure"
"Habitat specificity",1,"file7e5857c2732e.xlsx","JP","Ballyhoo",21,"Sensitivity"
"Prey specificity",1,"file7e5857c2732e.xlsx","JP","Ballyhoo",22,"Sensitivity"
"Tolerance to ocean acidification",1,"file7e5857c2732e.xlsx","JP","Ballyhoo",23,"Sensitivity"
"Complexity in reproductive strategy",2.2,"file7e5857c2732e.xlsx","JP","Ballyhoo",24,"Sensitivity"
"Species range",1.2,"file7e5857c2732e.xlsx","JP","Ballyhoo",25,"Sensitivity"
"Specificity in early life history requirements",2.4,"file7e5857c2732e.xlsx","JP","Ballyhoo",26,"Sensitivity"
"Stock size/status",2,"file7e5857c2732e.xlsx","JP","Ballyhoo",27,"Sensitivity"
"Other stressors",1.8,"file7e5857c2732e.xlsx","JP","Ballyhoo",28,"Sensitivity"
"Population growth rate",1,"file7e5857c2732e.xlsx","JP","Ballyhoo",30,"Sensitivity"
"Mobility and dispersal or early life stages",2.8,"file7e5857c2732e.xlsx","JP","Ballyhoo",31,"Sensitivity"
"Adult mobility",1,"file7e5857c2732e.xlsx","JP","Ballyhoo",32,"Sensitivity"
"Spawning characteristics",1.4,"file7e5857c2732e.xlsx","JP","Ballyhoo",33,"Sensitivity"
"Predation and competition dynamics",2,"file7e5857c2732e.xlsx","JP","Ballyhoo",34,"Sensitivity"
"Genetic diversity",1,"file7e5857c2732e.xlsx","JP","Ballyhoo",35,"Sensitivity"
"Sargassum influx",1.6,"file7e5857c2732e.xlsx","JP","Long-spined sea urchin",17,"Exposure"
"Habitat specificity",3.4,"file7e5857c2732e.xlsx","JP","Long-spined sea urchin",21,"Sensitivity"
"Prey specificity",1,"file7e5857c2732e.xlsx","JP","Long-spined sea urchin",22,"Sensitivity"
"Tolerance to ocean acidification",3.6,"file7e5857c2732e.xlsx","JP","Long-spined sea urchin",23,"Sensitivity"
"Complexity in reproductive strategy",3.2,"file7e5857c2732e.xlsx","JP","Long-spined sea urchin",24,"Sensitivity"
"Species range",2.2,"file7e5857c2732e.xlsx","JP","Long-spined sea urchin",25,"Sensitivity"
"Specificity in early life history requirements",4,"file7e5857c2732e.xlsx","JP","Long-spined sea urchin",26,"Sensitivity"
"Stock size/status",1,"file7e5857c2732e.xlsx","JP","Long-spined sea urchin",27,"Sensitivity"
"Other stressors",4,"file7e5857c2732e.xlsx","JP","Long-spined sea urchin",28,"Sensitivity"
"Population growth rate",1.8,"file7e5857c2732e.xlsx","JP","Long-spined sea urchin",30,"Sensitivity"
"Mobility and dispersal or early life stages",1.2,"file7e5857c2732e.xlsx","JP","Long-spined sea urchin",31,"Sensitivity"
"Adult mobility",2.6,"file7e5857c2732e.xlsx","JP","Long-spined sea urchin",32,"Sensitivity"
"Spawning characteristics",1,"file7e5857c2732e.xlsx","JP","Long-spined sea urchin",33,"Sensitivity"
"Predation and competition dynamics",3,"file7e5857c2732e.xlsx","JP","Long-spined sea urchin",34,"Sensitivity"
"Genetic diversity",3.4,"file7e5857c2732e.xlsx","JP","Long-spined sea urchin",35,"Sensitivity"
"Sargassum influx",3.2,"file7e5857c2732e.xlsx","JP","Sea cucumbers",17,"Exposure"
"Habitat specificity",2.6,"file7e5857c2732e.xlsx","JP","Sea cucumbers",21,"Sensitivity"
"Prey specificity",1,"file7e5857c2732e.xlsx","JP","Sea cucumbers",22,"Sensitivity"
"Tolerance to ocean acidification",3,"file7e5857c2732e.xlsx","JP","Sea cucumbers",23,"Sensitivity"
"Complexity in reproductive strategy",2.8,"file7e5857c2732e.xlsx","JP","Sea cucumbers",24,"Sensitivity"
"Species range",2.6,"file7e5857c2732e.xlsx","JP","Sea cucumbers",25,"Sensitivity"
"Specificity in early life history requirements",2.4,"file7e5857c2732e.xlsx","JP","Sea cucumbers",26,"Sensitivity"
"Stock size/status",2.6,"file7e5857c2732e.xlsx","JP","Sea cucumbers",27,"Sensitivity"
"Other stressors",1.8,"file7e5857c2732e.xlsx","JP","Sea cucumbers",28,"Sensitivity"
"Population growth rate",2,"file7e5857c2732e.xlsx","JP","Sea cucumbers",30,"Sensitivity"
"Mobility and dispersal or early life stages",2.2,"file7e5857c2732e.xlsx","JP","Sea cucumbers",31,"Sensitivity"
"Adult mobility",2.8,"file7e5857c2732e.xlsx","JP","Sea cucumbers",32,"Sensitivity"
"Spawning characteristics",3.6,"file7e5857c2732e.xlsx","JP","Sea cucumbers",33,"Sensitivity"
"Predation and competition dynamics",1.8,"file7e5857c2732e.xlsx","JP","Sea cucumbers",34,"Sensitivity"
"Genetic diversity",2,"file7e5857c2732e.xlsx","JP","Sea cucumbers",35,"Sensitivity"
"Sargassum influx",2.2,"file7e5857c2732e.xlsx","JP","White mullet",17,"Exposure"
"Habitat specificity",1.8,"file7e5857c2732e.xlsx","JP","White mullet",21,"Sensitivity"
"Prey specificity",1,"file7e5857c2732e.xlsx","JP","White mullet",22,"Sensitivity"
"Tolerance to ocean acidification",1,"file7e5857c2732e.xlsx","JP","White mullet",23,"Sensitivity"
"Complexity in reproductive strategy",2.8,"file7e5857c2732e.xlsx","JP","White mullet",24,"Sensitivity"
"Species range",2,"file7e5857c2732e.xlsx","JP","White mullet",25,"Sensitivity"
"Specificity in early life history requirements",2.2,"file7e5857c2732e.xlsx","JP","White mullet",26,"Sensitivity"
"Stock size/status",1.8,"file7e5857c2732e.xlsx","JP","White mullet",27,"Sensitivity"
"Other stressors",1.8,"file7e5857c2732e.xlsx","JP","White mullet",28,"Sensitivity"
"Population growth rate",2.4,"file7e5857c2732e.xlsx","JP","White mullet",30,"Sensitivity"
"Mobility and dispersal or early life stages",2.4,"file7e5857c2732e.xlsx","JP","White mullet",31,"Sensitivity"
"Adult mobility",1.4,"file7e5857c2732e.xlsx","JP","White mullet",32,"Sensitivity"
"Spawning characteristics",2.2,"file7e5857c2732e.xlsx","JP","White mullet",33,"Sensitivity"
"Predation and competition dynamics",2.6,"file7e5857c2732e.xlsx","JP","White mullet",34,"Sensitivity"
"Genetic diversity",2,"file7e5857c2732e.xlsx","JP","White mullet",35,"Sensitivity"
"Sargassum influx",2,"file7e5816486c00.xlsx","KO","Lane snapper",17,"Exposure"
"Habitat specificity",3,"file7e5816486c00.xlsx","KO","Lane snapper",21,"Sensitivity"
"Prey specificity",2,"file7e5816486c00.xlsx","KO","Lane snapper",22,"Sensitivity"
"Tolerance to ocean acidification",2.6,"file7e5816486c00.xlsx","KO","Lane snapper",23,"Sensitivity"
"Complexity in reproductive strategy",2,"file7e5816486c00.xlsx","KO","Lane snapper",24,"Sensitivity"
"Species range",1,"file7e5816486c00.xlsx","KO","Lane snapper",25,"Sensitivity"
"Specificity in early life history requirements",2.2,"file7e5816486c00.xlsx","KO","Lane snapper",26,"Sensitivity"
"Stock size/status",2.2,"file7e5816486c00.xlsx","KO","Lane snapper",27,"Sensitivity"
"Other stressors",2.2,"file7e5816486c00.xlsx","KO","Lane snapper",28,"Sensitivity"
"Population growth rate",2.4,"file7e5816486c00.xlsx","KO","Lane snapper",30,"Sensitivity"
"Mobility and dispersal or early life stages",1.6,"file7e5816486c00.xlsx","KO","Lane snapper",31,"Sensitivity"
"Adult mobility",2,"file7e5816486c00.xlsx","KO","Lane snapper",32,"Sensitivity"
"Spawning characteristics",1.2,"file7e5816486c00.xlsx","KO","Lane snapper",33,"Sensitivity"
"Predation and competition dynamics",2.4,"file7e5816486c00.xlsx","KO","Lane snapper",34,"Sensitivity"
"Genetic diversity",2.4,"file7e5816486c00.xlsx","KO","Lane snapper",35,"Sensitivity"
"Sargassum influx",2,"file7e5816486c00.xlsx","KO","Mutton snapper",17,"Exposure"
"Habitat specificity",3,"file7e5816486c00.xlsx","KO","Mutton snapper",21,"Sensitivity"
"Prey specificity",3,"file7e5816486c00.xlsx","KO","Mutton snapper",22,"Sensitivity"
"Tolerance to ocean acidification",2.6,"file7e5816486c00.xlsx","KO","Mutton snapper",23,"Sensitivity"
"Complexity in reproductive strategy",3.2,"file7e5816486c00.xlsx","KO","Mutton snapper",24,"Sensitivity"
"Species range",1,"file7e5816486c00.xlsx","KO","Mutton snapper",25,"Sensitivity"
"Specificity in early life history requirements",3.2,"file7e5816486c00.xlsx","KO","Mutton snapper",26,"Sensitivity"
"Stock size/status",2.4,"file7e5816486c00.xlsx","KO","Mutton snapper",27,"Sensitivity"
"Other stressors",2.2,"file7e5816486c00.xlsx","KO","Mutton snapper",28,"Sensitivity"
"Population growth rate",2.6,"file7e5816486c00.xlsx","KO","Mutton snapper",30,"Sensitivity"
"Mobility and dispersal or early life stages",2,"file7e5816486c00.xlsx","KO","Mutton snapper",31,"Sensitivity"
"Adult mobility",2.8,"file7e5816486c00.xlsx","KO","Mutton snapper",32,"Sensitivity"
"Spawning characteristics",3.2,"file7e5816486c00.xlsx","KO","Mutton snapper",33,"Sensitivity"
"Predation and competition dynamics",2.4,"file7e5816486c00.xlsx","KO","Mutton snapper",34,"Sensitivity"
"Genetic diversity",2.8,"file7e5816486c00.xlsx","KO","Mutton snapper",35,"Sensitivity"
"Habitat specificity",2.8,"file7e5816486c00.xlsx","KO","Queen snapper",21,"Sensitivity"
"Prey specificity",1.8,"file7e5816486c00.xlsx","KO","Queen snapper",22,"Sensitivity"
"Tolerance to ocean acidification",2,"file7e5816486c00.xlsx","KO","Queen snapper",23,"Sensitivity"
"Complexity in reproductive strategy",2.2,"file7e5816486c00.xlsx","KO","Queen snapper",24,"Sensitivity"
"Species range",1,"file7e5816486c00.xlsx","KO","Queen snapper",25,"Sensitivity"
"Specificity in early life history requirements",2.6,"file7e5816486c00.xlsx","KO","Queen snapper",26,"Sensitivity"
"Stock size/status",2.4,"file7e5816486c00.xlsx","KO","Queen snapper",27,"Sensitivity"
"Other stressors",1.4,"file7e5816486c00.xlsx","KO","Queen snapper",28,"Sensitivity"
"Population growth rate",3.8,"file7e5816486c00.xlsx","KO","Queen snapper",30,"Sensitivity"
"Mobility and dispersal or early life stages",1.6,"file7e5816486c00.xlsx","KO","Queen snapper",31,"Sensitivity"
"Adult mobility",2,"file7e5816486c00.xlsx","KO","Queen snapper",32,"Sensitivity"
"Spawning characteristics",2.4,"file7e5816486c00.xlsx","KO","Queen snapper",33,"Sensitivity"
"Predation and competition dynamics",2,"file7e5816486c00.xlsx","KO","Queen snapper",34,"Sensitivity"
"Genetic diversity",2.6,"file7e5816486c00.xlsx","KO","Queen snapper",35,"Sensitivity"
"Habitat specificity",2,"file7e5816486c00.xlsx","KO","Silk snapper",21,"Sensitivity"
"Prey specificity",1.2,"file7e5816486c00.xlsx","KO","Silk snapper",22,"Sensitivity"
"Tolerance to ocean acidification",2.2,"file7e5816486c00.xlsx","KO","Silk snapper",23,"Sensitivity"
"Complexity in reproductive strategy",2,"file7e5816486c00.xlsx","KO","Silk snapper",24,"Sensitivity"
"Species range",1,"file7e5816486c00.xlsx","KO","Silk snapper",25,"Sensitivity"
"Specificity in early life history requirements",2.2,"file7e5816486c00.xlsx","KO","Silk snapper",26,"Sensitivity"
"Stock size/status",2.6,"file7e5816486c00.xlsx","KO","Silk snapper",27,"Sensitivity"
"Other stressors",2,"file7e5816486c00.xlsx","KO","Silk snapper",28,"Sensitivity"
"Population growth rate",3.6,"file7e5816486c00.xlsx","KO","Silk snapper",30,"Sensitivity"
"Mobility and dispersal or early life stages",2.4,"file7e5816486c00.xlsx","KO","Silk snapper",31,"Sensitivity"
"Adult mobility",2,"file7e5816486c00.xlsx","KO","Silk snapper",32,"Sensitivity"
"Spawning characteristics",2.8,"file7e5816486c00.xlsx","KO","Silk snapper",33,"Sensitivity"
"Predation and competition dynamics",2,"file7e5816486c00.xlsx","KO","Silk snapper",34,"Sensitivity"
"Genetic diversity",2.6,"file7e5816486c00.xlsx","KO","Silk snapper",35,"Sensitivity"
"Sargassum influx",2,"file7e5816486c00.xlsx","KO","Yellowtail snapper",17,"Exposure"
"Habitat specificity",2.6,"file7e5816486c00.xlsx","KO","Yellowtail snapper",21,"Sensitivity"
"Prey specificity",2.6,"file7e5816486c00.xlsx","KO","Yellowtail snapper",22,"Sensitivity"
"Tolerance to ocean acidification",2,"file7e5816486c00.xlsx","KO","Yellowtail snapper",23,"Sensitivity"
"Complexity in reproductive strategy",2.4,"file7e5816486c00.xlsx","KO","Yellowtail snapper",24,"Sensitivity"
"Species range",1,"file7e5816486c00.xlsx","KO","Yellowtail snapper",25,"Sensitivity"
"Specificity in early life history requirements",3,"file7e5816486c00.xlsx","KO","Yellowtail snapper",26,"Sensitivity"
"Stock size/status",1.4,"file7e5816486c00.xlsx","KO","Yellowtail snapper",27,"Sensitivity"
"Other stressors",2.2,"file7e5816486c00.xlsx","KO","Yellowtail snapper",28,"Sensitivity"
"Population growth rate",2.6,"file7e5816486c00.xlsx","KO","Yellowtail snapper",30,"Sensitivity"
"Mobility and dispersal or early life stages",1.2,"file7e5816486c00.xlsx","KO","Yellowtail snapper",31,"Sensitivity"
"Adult mobility",2,"file7e5816486c00.xlsx","KO","Yellowtail snapper",32,"Sensitivity"
"Spawning characteristics",1.8,"file7e5816486c00.xlsx","KO","Yellowtail snapper",33,"Sensitivity"
"Predation and competition dynamics",2.4,"file7e5816486c00.xlsx","KO","Yellowtail snapper",34,"Sensitivity"
"Genetic diversity",2.4,"file7e5816486c00.xlsx","KO","Yellowtail snapper",35,"Sensitivity"
"Sargassum influx",2.4,"file7e5855d11e38.xlsx","MS","Hogfish",17,"Exposure"
"Thermocline depth",1.4,"file7e5855d11e38.xlsx","MS","Hogfish",18,"Exposure"
"Habitat specificity",1.4,"file7e5855d11e38.xlsx","MS","Hogfish",21,"Sensitivity"
"Prey specificity",1.6,"file7e5855d11e38.xlsx","MS","Hogfish",22,"Sensitivity"
"Tolerance to ocean acidification",1.8,"file7e5855d11e38.xlsx","MS","Hogfish",23,"Sensitivity"
"Complexity in reproductive strategy",1.2,"file7e5855d11e38.xlsx","MS","Hogfish",24,"Sensitivity"
"Species range",1.2,"file7e5855d11e38.xlsx","MS","Hogfish",25,"Sensitivity"
"Specificity in early life history requirements",1.6,"file7e5855d11e38.xlsx","MS","Hogfish",26,"Sensitivity"
"Stock size/status",1.4,"file7e5855d11e38.xlsx","MS","Hogfish",27,"Sensitivity"
"Other stressors",2.2,"file7e5855d11e38.xlsx","MS","Hogfish",28,"Sensitivity"
"Population growth rate",2.8,"file7e5855d11e38.xlsx","MS","Hogfish",30,"Sensitivity"
"Mobility and dispersal or early life stages",2,"file7e5855d11e38.xlsx","MS","Hogfish",31,"Sensitivity"
"Adult mobility",2.2,"file7e5855d11e38.xlsx","MS","Hogfish",32,"Sensitivity"
"Spawning characteristics",2,"file7e5855d11e38.xlsx","MS","Hogfish",33,"Sensitivity"
"Predation and competition dynamics",1.6,"file7e5855d11e38.xlsx","MS","Hogfish",34,"Sensitivity"
"Genetic diversity",3,"file7e5855d11e38.xlsx","MS","Hogfish",35,"Sensitivity"
"Sargassum influx",1,"file7e5855d11e38.xlsx","MS","Misty grouper",17,"Exposure"
"Habitat specificity",2,"file7e5855d11e38.xlsx","MS","Misty grouper",21,"Sensitivity"
"Prey specificity",2.6,"file7e5855d11e38.xlsx","MS","Misty grouper",22,"Sensitivity"
"Tolerance to ocean acidification",2.2,"file7e5855d11e38.xlsx","MS","Misty grouper",23,"Sensitivity"
"Complexity in reproductive strategy",3.2,"file7e5855d11e38.xlsx","MS","Misty grouper",24,"Sensitivity"
"Species range",2.2,"file7e5855d11e38.xlsx","MS","Misty grouper",25,"Sensitivity"
"Specificity in early life history requirements",2.2,"file7e5855d11e38.xlsx","MS","Misty grouper",26,"Sensitivity"
"Stock size/status",4,"file7e5855d11e38.xlsx","MS","Misty grouper",27,"Sensitivity"
"Other stressors",2.4,"file7e5855d11e38.xlsx","MS","Misty grouper",28,"Sensitivity"
"Population growth rate",3.2,"file7e5855d11e38.xlsx","MS","Misty grouper",30,"Sensitivity"
"Mobility and dispersal or early life stages",2,"file7e5855d11e38.xlsx","MS","Misty grouper",31,"Sensitivity"
"Adult mobility",2.8,"file7e5855d11e38.xlsx","MS","Misty grouper",32,"Sensitivity"
"Spawning characteristics",3.2,"file7e5855d11e38.xlsx","MS","Misty grouper",33,"Sensitivity"
"Predation and competition dynamics",1.2,"file7e5855d11e38.xlsx","MS","Misty grouper",34,"Sensitivity"
"Genetic diversity",2.4,"file7e5855d11e38.xlsx","MS","Misty grouper",35,"Sensitivity"
"Sargassum influx",1.2,"file7e5855d11e38.xlsx","MS","Nassau grouper",17,"Exposure"
"Thermocline depth",2.4,"file7e5855d11e38.xlsx","MS","Nassau grouper",18,"Exposure"
"Habitat specificity",2,"file7e5855d11e38.xlsx","MS","Nassau grouper",21,"Sensitivity"
"Prey specificity",1.4,"file7e5855d11e38.xlsx","MS","Nassau grouper",22,"Sensitivity"
"Tolerance to ocean acidification",1.4,"file7e5855d11e38.xlsx","MS","Nassau grouper",23,"Sensitivity"
"Complexity in reproductive strategy",3.2,"file7e5855d11e38.xlsx","MS","Nassau grouper",24,"Sensitivity"
"Species range",3,"file7e5855d11e38.xlsx","MS","Nassau grouper",25,"Sensitivity"
"Specificity in early life history requirements",3,"file7e5855d11e38.xlsx","MS","Nassau grouper",26,"Sensitivity"
"Stock size/status",4,"file7e5855d11e38.xlsx","MS","Nassau grouper",27,"Sensitivity"
"Other stressors",2.8,"file7e5855d11e38.xlsx","MS","Nassau grouper",28,"Sensitivity"
"Population growth rate",3.2,"file7e5855d11e38.xlsx","MS","Nassau grouper",30,"Sensitivity"
"Mobility and dispersal or early life stages",2,"file7e5855d11e38.xlsx","MS","Nassau grouper",31,"Sensitivity"
"Adult mobility",2.8,"file7e5855d11e38.xlsx","MS","Nassau grouper",32,"Sensitivity"
"Spawning characteristics",3.2,"file7e5855d11e38.xlsx","MS","Nassau grouper",33,"Sensitivity"
"Predation and competition dynamics",1.2,"file7e5855d11e38.xlsx","MS","Nassau grouper",34,"Sensitivity"
"Genetic diversity",3,"file7e5855d11e38.xlsx","MS","Nassau grouper",35,"Sensitivity"
"Sargassum influx",1,"file7e5855d11e38.xlsx","MS","Red grouper",17,"Exposure"
"Thermocline depth",1.2,"file7e5855d11e38.xlsx","MS","Red grouper",18,"Exposure"
"Habitat specificity",3,"file7e5855d11e38.xlsx","MS","Red grouper",21,"Sensitivity"
"Prey specificity",2.4,"file7e5855d11e38.xlsx","MS","Red grouper",22,"Sensitivity"
"Tolerance to ocean acidification",1.2,"file7e5855d11e38.xlsx","MS","Red grouper",23,"Sensitivity"
"Complexity in reproductive strategy",3.2,"file7e5855d11e38.xlsx","MS","Red grouper",24,"Sensitivity"
"Species range",2.2,"file7e5855d11e38.xlsx","MS","Red grouper",25,"Sensitivity"
"Specificity in early life history requirements",2.4,"file7e5855d11e38.xlsx","MS","Red grouper",26,"Sensitivity"
"Stock size/status",4,"file7e5855d11e38.xlsx","MS","Red grouper",27,"Sensitivity"
"Other stressors",1,"file7e5855d11e38.xlsx","MS","Red grouper",28,"Sensitivity"
"Population growth rate",2.8,"file7e5855d11e38.xlsx","MS","Red grouper",30,"Sensitivity"
"Mobility and dispersal or early life stages",2.2,"file7e5855d11e38.xlsx","MS","Red grouper",31,"Sensitivity"
"Adult mobility",3,"file7e5855d11e38.xlsx","MS","Red grouper",32,"Sensitivity"
"Spawning characteristics",2.8,"file7e5855d11e38.xlsx","MS","Red grouper",33,"Sensitivity"
"Predation and competition dynamics",1.6,"file7e5855d11e38.xlsx","MS","Red grouper",34,"Sensitivity"
"Genetic diversity",2,"file7e5855d11e38.xlsx","MS","Red grouper",35,"Sensitivity"
"Sargassum influx",1,"file7e5855d11e38.xlsx","MS","Red hind",17,"Exposure"
"Thermocline depth",2.4,"file7e5855d11e38.xlsx","MS","Red hind",18,"Exposure"
"Habitat specificity",1.6,"file7e5855d11e38.xlsx","MS","Red hind",21,"Sensitivity"
"Prey specificity",1.4,"file7e5855d11e38.xlsx","MS","Red hind",22,"Sensitivity"
"Tolerance to ocean acidification",2.4,"file7e5855d11e38.xlsx","MS","Red hind",23,"Sensitivity"
"Complexity in reproductive strategy",3,"file7e5855d11e38.xlsx","MS","Red hind",24,"Sensitivity"
"Species range",2,"file7e5855d11e38.xlsx","MS","Red hind",25,"Sensitivity"
"Specificity in early life history requirements",2.2,"file7e5855d11e38.xlsx","MS","Red hind",26,"Sensitivity"
"Stock size/status",3,"file7e5855d11e38.xlsx","MS","Red hind",27,"Sensitivity"
"Other stressors",2.8,"file7e5855d11e38.xlsx","MS","Red hind",28,"Sensitivity"
"Population growth rate",2.4,"file7e5855d11e38.xlsx","MS","Red hind",30,"Sensitivity"
"Mobility and dispersal or early life stages",1.8,"file7e5855d11e38.xlsx","MS","Red hind",31,"Sensitivity"
"Adult mobility",2.2,"file7e5855d11e38.xlsx","MS","Red hind",32,"Sensitivity"
"Spawning characteristics",3.2,"file7e5855d11e38.xlsx","MS","Red hind",33,"Sensitivity"
"Predation and competition dynamics",1.8,"file7e5855d11e38.xlsx","MS","Red hind",34,"Sensitivity"
"Genetic diversity",2.4,"file7e5855d11e38.xlsx","MS","Red hind",35,"Sensitivity"
"Sargassum influx",1,"file7e5855d11e38.xlsx","MS","Yellowfin grouper",17,"Exposure"
"Thermocline depth",2.4,"file7e5855d11e38.xlsx","MS","Yellowfin grouper",18,"Exposure"
"Habitat specificity",2.2,"file7e5855d11e38.xlsx","MS","Yellowfin grouper",21,"Sensitivity"
"Prey specificity",2.4,"file7e5855d11e38.xlsx","MS","Yellowfin grouper",22,"Sensitivity"
"Tolerance to ocean acidification",1.8,"file7e5855d11e38.xlsx","MS","Yellowfin grouper",23,"Sensitivity"
"Complexity in reproductive strategy",3.2,"file7e5855d11e38.xlsx","MS","Yellowfin grouper",24,"Sensitivity"
"Species range",2,"file7e5855d11e38.xlsx","MS","Yellowfin grouper",25,"Sensitivity"
"Specificity in early life history requirements",2.2,"file7e5855d11e38.xlsx","MS","Yellowfin grouper",26,"Sensitivity"
"Stock size/status",3.2,"file7e5855d11e38.xlsx","MS","Yellowfin grouper",27,"Sensitivity"
"Other stressors",2.8,"file7e5855d11e38.xlsx","MS","Yellowfin grouper",28,"Sensitivity"
"Population growth rate",2.4,"file7e5855d11e38.xlsx","MS","Yellowfin grouper",30,"Sensitivity"
"Mobility and dispersal or early life stages",1.8,"file7e5855d11e38.xlsx","MS","Yellowfin grouper",31,"Sensitivity"
"Adult mobility",2.2,"file7e5855d11e38.xlsx","MS","Yellowfin grouper",32,"Sensitivity"
"Spawning characteristics",3.2,"file7e5855d11e38.xlsx","MS","Yellowfin grouper",33,"Sensitivity"
"Predation and competition dynamics",1.8,"file7e5855d11e38.xlsx","MS","Yellowfin grouper",34,"Sensitivity"
"Genetic diversity",2.4,"file7e5855d11e38.xlsx","MS","Yellowfin grouper",35,"Sensitivity"
"Sargassum influx",1.6,"file7e5861111bc7.xlsx","OT","Long-spined sea urchin",17,"Exposure"
"Habitat specificity",2.8,"file7e5861111bc7.xlsx","OT","Long-spined sea urchin",21,"Sensitivity"
"Prey specificity",1,"file7e5861111bc7.xlsx","OT","Long-spined sea urchin",22,"Sensitivity"
"Tolerance to ocean acidification",4,"file7e5861111bc7.xlsx","OT","Long-spined sea urchin",23,"Sensitivity"
"Complexity in reproductive strategy",2.6,"file7e5861111bc7.xlsx","OT","Long-spined sea urchin",24,"Sensitivity"
"Species range",1,"file7e5861111bc7.xlsx","OT","Long-spined sea urchin",25,"Sensitivity"
"Specificity in early life history requirements",2.2,"file7e5861111bc7.xlsx","OT","Long-spined sea urchin",26,"Sensitivity"
"Stock size/status",2.6,"file7e5861111bc7.xlsx","OT","Long-spined sea urchin",27,"Sensitivity"
"Other stressors",3,"file7e5861111bc7.xlsx","OT","Long-spined sea urchin",28,"Sensitivity"
"Population growth rate",2.2,"file7e5861111bc7.xlsx","OT","Long-spined sea urchin",30,"Sensitivity"
"Mobility and dispersal or early life stages",1.6,"file7e5861111bc7.xlsx","OT","Long-spined sea urchin",31,"Sensitivity"
"Adult mobility",2.6,"file7e5861111bc7.xlsx","OT","Long-spined sea urchin",32,"Sensitivity"
"Spawning characteristics",2.2,"file7e5861111bc7.xlsx","OT","Long-spined sea urchin",33,"Sensitivity"
"Predation and competition dynamics",2.2,"file7e5861111bc7.xlsx","OT","Long-spined sea urchin",34,"Sensitivity"
"Genetic diversity",3,"file7e5861111bc7.xlsx","OT","Long-spined sea urchin",35,"Sensitivity"
"Sargassum influx",2,"file7e5861111bc7.xlsx","OT","Nassau grouper",17,"Exposure"
"Thermocline depth",2.4,"file7e5861111bc7.xlsx","OT","Nassau grouper",18,"Exposure"
"Habitat specificity",2.2,"file7e5861111bc7.xlsx","OT","Nassau grouper",21,"Sensitivity"
"Prey specificity",2,"file7e5861111bc7.xlsx","OT","Nassau grouper",22,"Sensitivity"
"Tolerance to ocean acidification",2,"file7e5861111bc7.xlsx","OT","Nassau grouper",23,"Sensitivity"
"Complexity in reproductive strategy",3.8,"file7e5861111bc7.xlsx","OT","Nassau grouper",24,"Sensitivity"
"Species range",2.4,"file7e5861111bc7.xlsx","OT","Nassau grouper",25,"Sensitivity"
"Specificity in early life history requirements",3,"file7e5861111bc7.xlsx","OT","Nassau grouper",26,"Sensitivity"
"Stock size/status",3.2,"file7e5861111bc7.xlsx","OT","Nassau grouper",27,"Sensitivity"
"Other stressors",2.4,"file7e5861111bc7.xlsx","OT","Nassau grouper",28,"Sensitivity"
"Population growth rate",3,"file7e5861111bc7.xlsx","OT","Nassau grouper",30,"Sensitivity"
"Mobility and dispersal or early life stages",2,"file7e5861111bc7.xlsx","OT","Nassau grouper",31,"Sensitivity"
"Adult mobility",2,"file7e5861111bc7.xlsx","OT","Nassau grouper",32,"Sensitivity"
"Spawning characteristics",3,"file7e5861111bc7.xlsx","OT","Nassau grouper",33,"Sensitivity"
"Predation and competition dynamics",1.6,"file7e5861111bc7.xlsx","OT","Nassau grouper",34,"Sensitivity"
"Genetic diversity",2.4,"file7e5861111bc7.xlsx","OT","Nassau grouper",35,"Sensitivity"
"Sargassum influx",3.4,"file7e5861111bc7.xlsx","OT","Queen conch",17,"Exposure"
"Habitat specificity",1.4,"file7e5861111bc7.xlsx","OT","Queen conch",21,"Sensitivity"
"Prey specificity",1.4,"file7e5861111bc7.xlsx","OT","Queen conch",22,"Sensitivity"
"Tolerance to ocean acidification",3.8,"file7e5861111bc7.xlsx","OT","Queen conch",23,"Sensitivity"
"Complexity in reproductive strategy",3,"file7e5861111bc7.xlsx","OT","Queen conch",24,"Sensitivity"
"Species range",2,"file7e5861111bc7.xlsx","OT","Queen conch",25,"Sensitivity"
"Specificity in early life history requirements",2,"file7e5861111bc7.xlsx","OT","Queen conch",26,"Sensitivity"
"Stock size/status",2.4,"file7e5861111bc7.xlsx","OT","Queen conch",27,"Sensitivity"
"Other stressors",1.2,"file7e5861111bc7.xlsx","OT","Queen conch",28,"Sensitivity"
"Population growth rate",2.2,"file7e5861111bc7.xlsx","OT","Queen conch",30,"Sensitivity"
"Mobility and dispersal or early life stages",2.2,"file7e5861111bc7.xlsx","OT","Queen conch",31,"Sensitivity"
"Adult mobility",3,"file7e5861111bc7.xlsx","OT","Queen conch",32,"Sensitivity"
"Spawning characteristics",1.8,"file7e5861111bc7.xlsx","OT","Queen conch",33,"Sensitivity"
"Predation and competition dynamics",1.6,"file7e5861111bc7.xlsx","OT","Queen conch",34,"Sensitivity"
"Genetic diversity",1.4,"file7e5861111bc7.xlsx","OT","Queen conch",35,"Sensitivity"
"Sargassum influx",3,"file7e5861111bc7.xlsx","OT","Red grouper",17,"Exposure"
"Thermocline depth",3,"file7e5861111bc7.xlsx","OT","Red grouper",18,"Exposure"
"Habitat specificity",1.6,"file7e5861111bc7.xlsx","OT","Red grouper",21,"Sensitivity"
"Prey specificity",1.2,"file7e5861111bc7.xlsx","OT","Red grouper",22,"Sensitivity"
"Tolerance to ocean acidification",3,"file7e5861111bc7.xlsx","OT","Red grouper",23,"Sensitivity"
"Complexity in reproductive strategy",2.6,"file7e5861111bc7.xlsx","OT","Red grouper",24,"Sensitivity"
"Species range",1.6,"file7e5861111bc7.xlsx","OT","Red grouper",25,"Sensitivity"
"Specificity in early life history requirements",2.2,"file7e5861111bc7.xlsx","OT","Red grouper",26,"Sensitivity"
"Stock size/status",2.4,"file7e5861111bc7.xlsx","OT","Red grouper",27,"Sensitivity"
"Other stressors",2,"file7e5861111bc7.xlsx","OT","Red grouper",28,"Sensitivity"
"Population growth rate",3.8,"file7e5861111bc7.xlsx","OT","Red grouper",30,"Sensitivity"
"Mobility and dispersal or early life stages",1.6,"file7e5861111bc7.xlsx","OT","Red grouper",31,"Sensitivity"
"Adult mobility",1.8,"file7e5861111bc7.xlsx","OT","Red grouper",32,"Sensitivity"
"Spawning characteristics",2.4,"file7e5861111bc7.xlsx","OT","Red grouper",33,"Sensitivity"
"Predation and competition dynamics",1.8,"file7e5861111bc7.xlsx","OT","Red grouper",34,"Sensitivity"
"Genetic diversity",2.4,"file7e5861111bc7.xlsx","OT","Red grouper",35,"Sensitivity"
"Sargassum influx",1.2,"file7e5861111bc7.xlsx","OT","Red hind",17,"Exposure"
"Thermocline depth",2.8,"file7e5861111bc7.xlsx","OT","Red hind",18,"Exposure"
"Habitat specificity",1.4,"file7e5861111bc7.xlsx","OT","Red hind",21,"Sensitivity"
"Prey specificity",1.2,"file7e5861111bc7.xlsx","OT","Red hind",22,"Sensitivity"
"Tolerance to ocean acidification",3,"file7e5861111bc7.xlsx","OT","Red hind",23,"Sensitivity"
"Complexity in reproductive strategy",3.8,"file7e5861111bc7.xlsx","OT","Red hind",24,"Sensitivity"
"Species range",2,"file7e5861111bc7.xlsx","OT","Red hind",25,"Sensitivity"
"Specificity in early life history requirements",2,"file7e5861111bc7.xlsx","OT","Red hind",26,"Sensitivity"
"Stock size/status",2.2,"file7e5861111bc7.xlsx","OT","Red hind",27,"Sensitivity"
"Other stressors",2,"file7e5861111bc7.xlsx","OT","Red hind",28,"Sensitivity"
"Population growth rate",2.6,"file7e5861111bc7.xlsx","OT","Red hind",30,"Sensitivity"
"Mobility and dispersal or early life stages",2,"file7e5861111bc7.xlsx","OT","Red hind",31,"Sensitivity"
"Adult mobility",2,"file7e5861111bc7.xlsx","OT","Red hind",32,"Sensitivity"
"Spawning characteristics",3,"file7e5861111bc7.xlsx","OT","Red hind",33,"Sensitivity"
"Predation and competition dynamics",1.8,"file7e5861111bc7.xlsx","OT","Red hind",34,"Sensitivity"
"Genetic diversity",2.4,"file7e5861111bc7.xlsx","OT","Red hind",35,"Sensitivity"
"Sargassum influx",1.4,"file7e5861111bc7.xlsx","OT","Sea cucumbers",17,"Exposure"
"Habitat specificity",1.6,"file7e5861111bc7.xlsx","OT","Sea cucumbers",21,"Sensitivity"
"Prey specificity",1,"file7e5861111bc7.xlsx","OT","Sea cucumbers",22,"Sensitivity"
"Tolerance to ocean acidification",3,"file7e5861111bc7.xlsx","OT","Sea cucumbers",23,"Sensitivity"
"Complexity in reproductive strategy",3,"file7e5861111bc7.xlsx","OT","Sea cucumbers",24,"Sensitivity"
"Species range",1.4,"file7e5861111bc7.xlsx","OT","Sea cucumbers",25,"Sensitivity"
"Specificity in early life history requirements",2.4,"file7e5861111bc7.xlsx","OT","Sea cucumbers",26,"Sensitivity"
"Stock size/status",2.2,"file7e5861111bc7.xlsx","OT","Sea cucumbers",27,"Sensitivity"
"Other stressors",2.2,"file7e5861111bc7.xlsx","OT","Sea cucumbers",28,"Sensitivity"
"Population growth rate",2.2,"file7e5861111bc7.xlsx","OT","Sea cucumbers",30,"Sensitivity"
"Mobility and dispersal or early life stages",2.6,"file7e5861111bc7.xlsx","OT","Sea cucumbers",31,"Sensitivity"
"Adult mobility",3.2,"file7e5861111bc7.xlsx","OT","Sea cucumbers",32,"Sensitivity"
"Spawning characteristics",2.6,"file7e5861111bc7.xlsx","OT","Sea cucumbers",33,"Sensitivity"
"Predation and competition dynamics",2.2,"file7e5861111bc7.xlsx","OT","Sea cucumbers",34,"Sensitivity"
"Genetic diversity",2.2,"file7e5861111bc7.xlsx","OT","Sea cucumbers",35,"Sensitivity"
"Sargassum influx",1.6,"file7e583ca36ded.xlsx","RA","Blue runner",17,"Exposure"
"Thermocline depth",1.4,"file7e583ca36ded.xlsx","RA","Blue runner",18,"Exposure"
"Habitat specificity",1.6,"file7e583ca36ded.xlsx","RA","Blue runner",21,"Sensitivity"
"Prey specificity",1.4,"file7e583ca36ded.xlsx","RA","Blue runner",22,"Sensitivity"
"Tolerance to ocean acidification",2,"file7e583ca36ded.xlsx","RA","Blue runner",23,"Sensitivity"
"Complexity in reproductive strategy",1,"file7e583ca36ded.xlsx","RA","Blue runner",24,"Sensitivity"
"Species range",3,"file7e583ca36ded.xlsx","RA","Blue runner",25,"Sensitivity"
"Specificity in early life history requirements",3,"file7e583ca36ded.xlsx","RA","Blue runner",26,"Sensitivity"
"Stock size/status",1.4,"file7e583ca36ded.xlsx","RA","Blue runner",27,"Sensitivity"
"Other stressors",1.2,"file7e583ca36ded.xlsx","RA","Blue runner",28,"Sensitivity"
"Population growth rate",1.8,"file7e583ca36ded.xlsx","RA","Blue runner",30,"Sensitivity"
"Mobility and dispersal or early life stages",2,"file7e583ca36ded.xlsx","RA","Blue runner",31,"Sensitivity"
"Adult mobility",2,"file7e583ca36ded.xlsx","RA","Blue runner",32,"Sensitivity"
"Spawning characteristics",2.6,"file7e583ca36ded.xlsx","RA","Blue runner",33,"Sensitivity"
"Predation and competition dynamics",1.6,"file7e583ca36ded.xlsx","RA","Blue runner",34,"Sensitivity"
"Genetic diversity",1.2,"file7e583ca36ded.xlsx","RA","Blue runner",35,"Sensitivity"
"Sargassum influx",1.6,"file7e583ca36ded.xlsx","RA","King mackerel",17,"Exposure"
"Thermocline depth",1.4,"file7e583ca36ded.xlsx","RA","King mackerel",18,"Exposure"
"Habitat specificity",1,"file7e583ca36ded.xlsx","RA","King mackerel",21,"Sensitivity"
"Prey specificity",1.2,"file7e583ca36ded.xlsx","RA","King mackerel",22,"Sensitivity"
"Tolerance to ocean acidification",2,"file7e583ca36ded.xlsx","RA","King mackerel",23,"Sensitivity"
"Complexity in reproductive strategy",1,"file7e583ca36ded.xlsx","RA","King mackerel",24,"Sensitivity"
"Species range",2.8,"file7e583ca36ded.xlsx","RA","King mackerel",25,"Sensitivity"
"Specificity in early life history requirements",3,"file7e583ca36ded.xlsx","RA","King mackerel",26,"Sensitivity"
"Stock size/status",1.4,"file7e583ca36ded.xlsx","RA","King mackerel",27,"Sensitivity"
"Other stressors",1.2,"file7e583ca36ded.xlsx","RA","King mackerel",28,"Sensitivity"
"Population growth rate",1.6,"file7e583ca36ded.xlsx","RA","King mackerel",30,"Sensitivity"
"Mobility and dispersal or early life stages",3,"file7e583ca36ded.xlsx","RA","King mackerel",31,"Sensitivity"
"Adult mobility",2,"file7e583ca36ded.xlsx","RA","King mackerel",32,"Sensitivity"
"Spawning characteristics",2.6,"file7e583ca36ded.xlsx","RA","King mackerel",33,"Sensitivity"
"Predation and competition dynamics",1.6,"file7e583ca36ded.xlsx","RA","King mackerel",34,"Sensitivity"
"Genetic diversity",1.2,"file7e583ca36ded.xlsx","RA","King mackerel",35,"Sensitivity"
"Sargassum influx",1.2,"file7e583ca36ded.xlsx","RA","Queen conch",17,"Exposure"
"Habitat specificity",1.4,"file7e583ca36ded.xlsx","RA","Queen conch",21,"Sensitivity"
"Prey specificity",1,"file7e583ca36ded.xlsx","RA","Queen conch",22,"Sensitivity"
"Tolerance to ocean acidification",4,"file7e583ca36ded.xlsx","RA","Queen conch",23,"Sensitivity"
"Complexity in reproductive strategy",3.8,"file7e583ca36ded.xlsx","RA","Queen conch",24,"Sensitivity"
"Species range",3,"file7e583ca36ded.xlsx","RA","Queen conch",25,"Sensitivity"
"Specificity in early life history requirements",2.6,"file7e583ca36ded.xlsx","RA","Queen conch",26,"Sensitivity"
"Stock size/status",2.6,"file7e583ca36ded.xlsx","RA","Queen conch",27,"Sensitivity"
"Other stressors",2.4,"file7e583ca36ded.xlsx","RA","Queen conch",28,"Sensitivity"
"Population growth rate",2.6,"file7e583ca36ded.xlsx","RA","Queen conch",30,"Sensitivity"
"Mobility and dispersal or early life stages",2,"file7e583ca36ded.xlsx","RA","Queen conch",31,"Sensitivity"
"Adult mobility",2.8,"file7e583ca36ded.xlsx","RA","Queen conch",32,"Sensitivity"
"Spawning characteristics",2.6,"file7e583ca36ded.xlsx","RA","Queen conch",33,"Sensitivity"
"Predation and competition dynamics",2.8,"file7e583ca36ded.xlsx","RA","Queen conch",34,"Sensitivity"
"Genetic diversity",2.4,"file7e583ca36ded.xlsx","RA","Queen conch",35,"Sensitivity"
"Sargassum influx",1.6,"file7e583ca36ded.xlsx","RA","Red grouper",17,"Exposure"
"Thermocline depth",1.2,"file7e583ca36ded.xlsx","RA","Red grouper",18,"Exposure"
"Habitat specificity",2.8,"file7e583ca36ded.xlsx","RA","Red grouper",21,"Sensitivity"
"Prey specificity",1.4,"file7e583ca36ded.xlsx","RA","Red grouper",22,"Sensitivity"
"Tolerance to ocean acidification",2.6,"file7e583ca36ded.xlsx","RA","Red grouper",23,"Sensitivity"
"Complexity in reproductive strategy",2.4,"file7e583ca36ded.xlsx","RA","Red grouper",24,"Sensitivity"
"Species range",2.8,"file7e583ca36ded.xlsx","RA","Red grouper",25,"Sensitivity"
"Specificity in early life history requirements",2.6,"file7e583ca36ded.xlsx","RA","Red grouper",26,"Sensitivity"
"Stock size/status",3.2,"file7e583ca36ded.xlsx","RA","Red grouper",27,"Sensitivity"
"Other stressors",1,"file7e583ca36ded.xlsx","RA","Red grouper",28,"Sensitivity"
"Population growth rate",3.8,"file7e583ca36ded.xlsx","RA","Red grouper",30,"Sensitivity"
"Mobility and dispersal or early life stages",2,"file7e583ca36ded.xlsx","RA","Red grouper",31,"Sensitivity"
"Adult mobility",1.4,"file7e583ca36ded.xlsx","RA","Red grouper",32,"Sensitivity"
"Spawning characteristics",2.8,"file7e583ca36ded.xlsx","RA","Red grouper",33,"Sensitivity"
"Predation and competition dynamics",1.4,"file7e583ca36ded.xlsx","RA","Red grouper",34,"Sensitivity"
"Genetic diversity",1,"file7e583ca36ded.xlsx","RA","Red grouper",35,"Sensitivity"
"Sargassum influx",1.8,"file7e583ca36ded.xlsx","RA","Sea cucumbers",17,"Exposure"
"Habitat specificity",2.4,"file7e583ca36ded.xlsx","RA","Sea cucumbers",21,"Sensitivity"
"Prey specificity",1,"file7e583ca36ded.xlsx","RA","Sea cucumbers",22,"Sensitivity"
"Tolerance to ocean acidification",3.6,"file7e583ca36ded.xlsx","RA","Sea cucumbers",23,"Sensitivity"
"Complexity in reproductive strategy",2,"file7e583ca36ded.xlsx","RA","Sea cucumbers",24,"Sensitivity"
"Species range",1.6,"file7e583ca36ded.xlsx","RA","Sea cucumbers",25,"Sensitivity"
"Specificity in early life history requirements",1.6,"file7e583ca36ded.xlsx","RA","Sea cucumbers",26,"Sensitivity"
"Stock size/status",2.4,"file7e583ca36ded.xlsx","RA","Sea cucumbers",27,"Sensitivity"
"Other stressors",1.8,"file7e583ca36ded.xlsx","RA","Sea cucumbers",28,"Sensitivity"
"Population growth rate",2.6,"file7e583ca36ded.xlsx","RA","Sea cucumbers",30,"Sensitivity"
"Mobility and dispersal or early life stages",2,"file7e583ca36ded.xlsx","RA","Sea cucumbers",31,"Sensitivity"
"Adult mobility",3,"file7e583ca36ded.xlsx","RA","Sea cucumbers",32,"Sensitivity"
"Spawning characteristics",3,"file7e583ca36ded.xlsx","RA","Sea cucumbers",33,"Sensitivity"
"Predation and competition dynamics",1.8,"file7e583ca36ded.xlsx","RA","Sea cucumbers",34,"Sensitivity"
"Genetic diversity",2.4,"file7e583ca36ded.xlsx","RA","Sea cucumbers",35,"Sensitivity"
"Sargassum influx",2,"file7e583ca36ded.xlsx","RA","Yellowfin grouper",17,"Exposure"
"Thermocline depth",1.4,"file7e583ca36ded.xlsx","RA","Yellowfin grouper",18,"Exposure"
"Habitat specificity",3,"file7e583ca36ded.xlsx","RA","Yellowfin grouper",21,"Sensitivity"
"Prey specificity",2,"file7e583ca36ded.xlsx","RA","Yellowfin grouper",22,"Sensitivity"
"Tolerance to ocean acidification",2.6,"file7e583ca36ded.xlsx","RA","Yellowfin grouper",23,"Sensitivity"
"Complexity in reproductive strategy",2,"file7e583ca36ded.xlsx","RA","Yellowfin grouper",24,"Sensitivity"
"Species range",1.6,"file7e583ca36ded.xlsx","RA","Yellowfin grouper",25,"Sensitivity"
"Specificity in early life history requirements",1.6,"file7e583ca36ded.xlsx","RA","Yellowfin grouper",26,"Sensitivity"
"Stock size/status",2.2,"file7e583ca36ded.xlsx","RA","Yellowfin grouper",27,"Sensitivity"
"Other stressors",2,"file7e583ca36ded.xlsx","RA","Yellowfin grouper",28,"Sensitivity"
"Population growth rate",3.6,"file7e583ca36ded.xlsx","RA","Yellowfin grouper",30,"Sensitivity"
"Mobility and dispersal or early life stages",2,"file7e583ca36ded.xlsx","RA","Yellowfin grouper",31,"Sensitivity"
"Adult mobility",1.6,"file7e583ca36ded.xlsx","RA","Yellowfin grouper",32,"Sensitivity"
"Spawning characteristics",3,"file7e583ca36ded.xlsx","RA","Yellowfin grouper",33,"Sensitivity"
"Predation and competition dynamics",2.8,"file7e583ca36ded.xlsx","RA","Yellowfin grouper",34,"Sensitivity"
"Genetic diversity",2.8,"file7e583ca36ded.xlsx","RA","Yellowfin grouper",35,"Sensitivity"
"Sargassum influx",3,"file7e5822aa324e.xlsx","RE","Lane snapper",17,"Exposure"
"Habitat specificity",1.8,"file7e5822aa324e.xlsx","RE","Lane snapper",21,"Sensitivity"
"Prey specificity",2,"file7e5822aa324e.xlsx","RE","Lane snapper",22,"Sensitivity"
"Tolerance to ocean acidification",3,"file7e5822aa324e.xlsx","RE","Lane snapper",23,"Sensitivity"
"Complexity in reproductive strategy",4,"file7e5822aa324e.xlsx","RE","Lane snapper",24,"Sensitivity"
"Species range",1,"file7e5822aa324e.xlsx","RE","Lane snapper",25,"Sensitivity"
"Specificity in early life history requirements",2.2,"file7e5822aa324e.xlsx","RE","Lane snapper",26,"Sensitivity"
"Stock size/status",2.4,"file7e5822aa324e.xlsx","RE","Lane snapper",27,"Sensitivity"
"Other stressors",4,"file7e5822aa324e.xlsx","RE","Lane snapper",28,"Sensitivity"
"Population growth rate",3,"file7e5822aa324e.xlsx","RE","Lane snapper",30,"Sensitivity"
"Mobility and dispersal or early life stages",1.2,"file7e5822aa324e.xlsx","RE","Lane snapper",31,"Sensitivity"
"Adult mobility",2,"file7e5822aa324e.xlsx","RE","Lane snapper",32,"Sensitivity"
"Spawning characteristics",3,"file7e5822aa324e.xlsx","RE","Lane snapper",33,"Sensitivity"
"Predation and competition dynamics",2,"file7e5822aa324e.xlsx","RE","Lane snapper",34,"Sensitivity"
"Genetic diversity",1,"file7e5822aa324e.xlsx","RE","Lane snapper",35,"Sensitivity"
"Sargassum influx",3,"file7e5822aa324e.xlsx","RE","Mutton snapper",17,"Exposure"
"Habitat specificity",2.2,"file7e5822aa324e.xlsx","RE","Mutton snapper",21,"Sensitivity"
"Prey specificity",2,"file7e5822aa324e.xlsx","RE","Mutton snapper",22,"Sensitivity"
"Tolerance to ocean acidification",3,"file7e5822aa324e.xlsx","RE","Mutton snapper",23,"Sensitivity"
"Complexity in reproductive strategy",4,"file7e5822aa324e.xlsx","RE","Mutton snapper",24,"Sensitivity"
"Species range",1,"file7e5822aa324e.xlsx","RE","Mutton snapper",25,"Sensitivity"
"Specificity in early life history requirements",2.8,"file7e5822aa324e.xlsx","RE","Mutton snapper",26,"Sensitivity"
"Stock size/status",2.4,"file7e5822aa324e.xlsx","RE","Mutton snapper",27,"Sensitivity"
"Other stressors",2,"file7e5822aa324e.xlsx","RE","Mutton snapper",28,"Sensitivity"
"Population growth rate",3,"file7e5822aa324e.xlsx","RE","Mutton snapper",30,"Sensitivity"
"Mobility and dispersal or early life stages",1.2,"file7e5822aa324e.xlsx","RE","Mutton snapper",31,"Sensitivity"
"Adult mobility",2,"file7e5822aa324e.xlsx","RE","Mutton snapper",32,"Sensitivity"
"Spawning characteristics",4,"file7e5822aa324e.xlsx","RE","Mutton snapper",33,"Sensitivity"
"Predation and competition dynamics",2,"file7e5822aa324e.xlsx","RE","Mutton snapper",34,"Sensitivity"
"Genetic diversity",2,"file7e5822aa324e.xlsx","RE","Mutton snapper",35,"Sensitivity"
"Sargassum influx",4,"file7e5822aa324e.xlsx","RE","Rainbow parrotfish",17,"Exposure"
"Thermocline depth",2,"file7e5822aa324e.xlsx","RE","Rainbow parrotfish",18,"Exposure"
"Habitat specificity",2.2,"file7e5822aa324e.xlsx","RE","Rainbow parrotfish",21,"Sensitivity"
"Prey specificity",3,"file7e5822aa324e.xlsx","RE","Rainbow parrotfish",22,"Sensitivity"
"Tolerance to ocean acidification",3.8,"file7e5822aa324e.xlsx","RE","Rainbow parrotfish",23,"Sensitivity"
"Complexity in reproductive strategy",2.6,"file7e5822aa324e.xlsx","RE","Rainbow parrotfish",24,"Sensitivity"
"Species range",2.2,"file7e5822aa324e.xlsx","RE","Rainbow parrotfish",25,"Sensitivity"
"Specificity in early life history requirements",3.4,"file7e5822aa324e.xlsx","RE","Rainbow parrotfish",26,"Sensitivity"
"Stock size/status",2,"file7e5822aa324e.xlsx","RE","Rainbow parrotfish",27,"Sensitivity"
"Other stressors",4,"file7e5822aa324e.xlsx","RE","Rainbow parrotfish",28,"Sensitivity"
"Population growth rate",2,"file7e5822aa324e.xlsx","RE","Rainbow parrotfish",30,"Sensitivity"
"Mobility and dispersal or early life stages",2.4,"file7e5822aa324e.xlsx","RE","Rainbow parrotfish",31,"Sensitivity"
"Adult mobility",3.4,"file7e5822aa324e.xlsx","RE","Rainbow parrotfish",32,"Sensitivity"
"Spawning characteristics",1.8,"file7e5822aa324e.xlsx","RE","Rainbow parrotfish",33,"Sensitivity"
"Predation and competition dynamics",1.8,"file7e5822aa324e.xlsx","RE","Rainbow parrotfish",34,"Sensitivity"
"Genetic diversity",2.4,"file7e5822aa324e.xlsx","RE","Rainbow parrotfish",35,"Sensitivity"
"Habitat specificity",1.2,"file7e5822aa324e.xlsx","RE","Silk snapper",21,"Sensitivity"
"Prey specificity",1.8,"file7e5822aa324e.xlsx","RE","Silk snapper",22,"Sensitivity"
"Tolerance to ocean acidification",1.2,"file7e5822aa324e.xlsx","RE","Silk snapper",23,"Sensitivity"
"Complexity in reproductive strategy",2.2,"file7e5822aa324e.xlsx","RE","Silk snapper",24,"Sensitivity"
"Species range",1.8,"file7e5822aa324e.xlsx","RE","Silk snapper",25,"Sensitivity"
"Specificity in early life history requirements",2.4,"file7e5822aa324e.xlsx","RE","Silk snapper",26,"Sensitivity"
"Stock size/status",2.6,"file7e5822aa324e.xlsx","RE","Silk snapper",27,"Sensitivity"
"Other stressors",2.2,"file7e5822aa324e.xlsx","RE","Silk snapper",28,"Sensitivity"
"Population growth rate",1.8,"file7e5822aa324e.xlsx","RE","Silk snapper",30,"Sensitivity"
"Mobility and dispersal or early life stages",1.2,"file7e5822aa324e.xlsx","RE","Silk snapper",31,"Sensitivity"
"Adult mobility",1.2,"file7e5822aa324e.xlsx","RE","Silk snapper",32,"Sensitivity"
"Spawning characteristics",1.2,"file7e5822aa324e.xlsx","RE","Silk snapper",33,"Sensitivity"
"Predation and competition dynamics",1.4,"file7e5822aa324e.xlsx","RE","Silk snapper",34,"Sensitivity"
"Genetic diversity",1.2,"file7e5822aa324e.xlsx","RE","Silk snapper",35,"Sensitivity"
"Sargassum influx",4,"file7e5822aa324e.xlsx","RE","Stoplight parrotfish",17,"Exposure"
"Thermocline depth",2,"file7e5822aa324e.xlsx","RE","Stoplight parrotfish",18,"Exposure"
"Habitat specificity",2,"file7e5822aa324e.xlsx","RE","Stoplight parrotfish",21,"Sensitivity"
"Prey specificity",2,"file7e5822aa324e.xlsx","RE","Stoplight parrotfish",22,"Sensitivity"
"Tolerance to ocean acidification",3.8,"file7e5822aa324e.xlsx","RE","Stoplight parrotfish",23,"Sensitivity"
"Complexity in reproductive strategy",2.6,"file7e5822aa324e.xlsx","RE","Stoplight parrotfish",24,"Sensitivity"
"Species range",2.2,"file7e5822aa324e.xlsx","RE","Stoplight parrotfish",25,"Sensitivity"
"Specificity in early life history requirements",3.4,"file7e5822aa324e.xlsx","RE","Stoplight parrotfish",26,"Sensitivity"
"Stock size/status",2,"file7e5822aa324e.xlsx","RE","Stoplight parrotfish",27,"Sensitivity"
"Other stressors",4,"file7e5822aa324e.xlsx","RE","Stoplight parrotfish",28,"Sensitivity"
"Population growth rate",2,"file7e5822aa324e.xlsx","RE","Stoplight parrotfish",30,"Sensitivity"
"Mobility and dispersal or early life stages",2.4,"file7e5822aa324e.xlsx","RE","Stoplight parrotfish",31,"Sensitivity"
"Adult mobility",2.2,"file7e5822aa324e.xlsx","RE","Stoplight parrotfish",32,"Sensitivity"
"Spawning characteristics",1.8,"file7e5822aa324e.xlsx","RE","Stoplight parrotfish",33,"Sensitivity"
"Predation and competition dynamics",1.8,"file7e5822aa324e.xlsx","RE","Stoplight parrotfish",34,"Sensitivity"
"Genetic diversity",1.8,"file7e5822aa324e.xlsx","RE","Stoplight parrotfish",35,"Sensitivity"
"Sargassum influx",3,"file7e5822aa324e.xlsx","RE","Yellowtail snapper",17,"Exposure"
"Habitat specificity",2.2,"file7e5822aa324e.xlsx","RE","Yellowtail snapper",21,"Sensitivity"
"Prey specificity",2,"file7e5822aa324e.xlsx","RE","Yellowtail snapper",22,"Sensitivity"
"Tolerance to ocean acidification",3,"file7e5822aa324e.xlsx","RE","Yellowtail snapper",23,"Sensitivity"
"Complexity in reproductive strategy",2.4,"file7e5822aa324e.xlsx","RE","Yellowtail snapper",24,"Sensitivity"
"Species range",1,"file7e5822aa324e.xlsx","RE","Yellowtail snapper",25,"Sensitivity"
"Specificity in early life history requirements",2.2,"file7e5822aa324e.xlsx","RE","Yellowtail snapper",26,"Sensitivity"
"Stock size/status",2.4,"file7e5822aa324e.xlsx","RE","Yellowtail snapper",27,"Sensitivity"
"Other stressors",2,"file7e5822aa324e.xlsx","RE","Yellowtail snapper",28,"Sensitivity"
"Population growth rate",2,"file7e5822aa324e.xlsx","RE","Yellowtail snapper",30,"Sensitivity"
"Mobility and dispersal or early life stages",1.2,"file7e5822aa324e.xlsx","RE","Yellowtail snapper",31,"Sensitivity"
"Adult mobility",2,"file7e5822aa324e.xlsx","RE","Yellowtail snapper",32,"Sensitivity"
"Spawning characteristics",2.2,"file7e5822aa324e.xlsx","RE","Yellowtail snapper",33,"Sensitivity"
"Predation and competition dynamics",2,"file7e5822aa324e.xlsx","RE","Yellowtail snapper",34,"Sensitivity"
"Genetic diversity",1,"file7e5822aa324e.xlsx","RE","Yellowtail snapper",35,"Sensitivity"
"Sargassum influx",2.4,"file7e5861b9e49.xlsx","RG","Atlantic thread herring",17,"Exposure"
"Thermocline depth",1,"file7e5861b9e49.xlsx","RG","Atlantic thread herring",18,"Exposure"
"Habitat specificity",1.6,"file7e5861b9e49.xlsx","RG","Atlantic thread herring",21,"Sensitivity"
"Prey specificity",2.6,"file7e5861b9e49.xlsx","RG","Atlantic thread herring",22,"Sensitivity"
"Tolerance to ocean acidification",2.6,"file7e5861b9e49.xlsx","RG","Atlantic thread herring",23,"Sensitivity"
"Complexity in reproductive strategy",1.4,"file7e5861b9e49.xlsx","RG","Atlantic thread herring",24,"Sensitivity"
"Species range",1.6,"file7e5861b9e49.xlsx","RG","Atlantic thread herring",25,"Sensitivity"
"Specificity in early life history requirements",2.6,"file7e5861b9e49.xlsx","RG","Atlantic thread herring",26,"Sensitivity"
"Stock size/status",2.6,"file7e5861b9e49.xlsx","RG","Atlantic thread herring",27,"Sensitivity"
"Other stressors",2.6,"file7e5861b9e49.xlsx","RG","Atlantic thread herring",28,"Sensitivity"
"Population growth rate",1.4,"file7e5861b9e49.xlsx","RG","Atlantic thread herring",30,"Sensitivity"
"Mobility and dispersal or early life stages",2.4,"file7e5861b9e49.xlsx","RG","Atlantic thread herring",31,"Sensitivity"
"Adult mobility",1.6,"file7e5861b9e49.xlsx","RG","Atlantic thread herring",32,"Sensitivity"
"Spawning characteristics",1.6,"file7e5861b9e49.xlsx","RG","Atlantic thread herring",33,"Sensitivity"
"Predation and competition dynamics",2.4,"file7e5861b9e49.xlsx","RG","Atlantic thread herring",34,"Sensitivity"
"Genetic diversity",1.2,"file7e5861b9e49.xlsx","RG","Atlantic thread herring",35,"Sensitivity"
"Sargassum influx",3.2,"file7e5861b9e49.xlsx","RG","Ballyhoo",17,"Exposure"
"Thermocline depth",1,"file7e5861b9e49.xlsx","RG","Ballyhoo",18,"Exposure"
"Habitat specificity",1.4,"file7e5861b9e49.xlsx","RG","Ballyhoo",21,"Sensitivity"
"Prey specificity",1.4,"file7e5861b9e49.xlsx","RG","Ballyhoo",22,"Sensitivity"
"Tolerance to ocean acidification",1.2,"file7e5861b9e49.xlsx","RG","Ballyhoo",23,"Sensitivity"
"Complexity in reproductive strategy",1.2,"file7e5861b9e49.xlsx","RG","Ballyhoo",24,"Sensitivity"
"Species range",2.6,"file7e5861b9e49.xlsx","RG","Ballyhoo",25,"Sensitivity"
"Specificity in early life history requirements",2.6,"file7e5861b9e49.xlsx","RG","Ballyhoo",26,"Sensitivity"
"Stock size/status",2.6,"file7e5861b9e49.xlsx","RG","Ballyhoo",27,"Sensitivity"
"Other stressors",2.6,"file7e5861b9e49.xlsx","RG","Ballyhoo",28,"Sensitivity"
"Population growth rate",1.4,"file7e5861b9e49.xlsx","RG","Ballyhoo",30,"Sensitivity"
"Mobility and dispersal or early life stages",1.6,"file7e5861b9e49.xlsx","RG","Ballyhoo",31,"Sensitivity"
"Adult mobility",1.6,"file7e5861b9e49.xlsx","RG","Ballyhoo",32,"Sensitivity"
"Spawning characteristics",1.6,"file7e5861b9e49.xlsx","RG","Ballyhoo",33,"Sensitivity"
"Predation and competition dynamics",2.4,"file7e5861b9e49.xlsx","RG","Ballyhoo",34,"Sensitivity"
"Genetic diversity",1.2,"file7e5861b9e49.xlsx","RG","Ballyhoo",35,"Sensitivity"
"Sargassum influx",3.4,"file7e5861b9e49.xlsx","RG","Dolphinfish",17,"Exposure"
"Thermocline depth",3.4,"file7e5861b9e49.xlsx","RG","Dolphinfish",18,"Exposure"
"Habitat specificity",2.6,"file7e5861b9e49.xlsx","RG","Dolphinfish",21,"Sensitivity"
"Prey specificity",1.4,"file7e5861b9e49.xlsx","RG","Dolphinfish",22,"Sensitivity"
"Tolerance to ocean acidification",1,"file7e5861b9e49.xlsx","RG","Dolphinfish",23,"Sensitivity"
"Complexity in reproductive strategy",2.4,"file7e5861b9e49.xlsx","RG","Dolphinfish",24,"Sensitivity"
"Species range",3.6,"file7e5861b9e49.xlsx","RG","Dolphinfish",25,"Sensitivity"
"Specificity in early life history requirements",1.6,"file7e5861b9e49.xlsx","RG","Dolphinfish",26,"Sensitivity"
"Stock size/status",1.6,"file7e5861b9e49.xlsx","RG","Dolphinfish",27,"Sensitivity"
"Other stressors",1.2,"file7e5861b9e49.xlsx","RG","Dolphinfish",28,"Sensitivity"
"Population growth rate",1.4,"file7e5861b9e49.xlsx","RG","Dolphinfish",30,"Sensitivity"
"Mobility and dispersal or early life stages",2.4,"file7e5861b9e49.xlsx","RG","Dolphinfish",31,"Sensitivity"
"Adult mobility",1.4,"file7e5861b9e49.xlsx","RG","Dolphinfish",32,"Sensitivity"
"Spawning characteristics",1.4,"file7e5861b9e49.xlsx","RG","Dolphinfish",33,"Sensitivity"
"Predation and competition dynamics",1.6,"file7e5861b9e49.xlsx","RG","Dolphinfish",34,"Sensitivity"
"Genetic diversity",1.2,"file7e5861b9e49.xlsx","RG","Dolphinfish",35,"Sensitivity"
"Sargassum influx",3,"file7e5861b9e49.xlsx","RG","King mackerel",17,"Exposure"
"Thermocline depth",2.6,"file7e5861b9e49.xlsx","RG","King mackerel",18,"Exposure"
"Habitat specificity",1.6,"file7e5861b9e49.xlsx","RG","King mackerel",21,"Sensitivity"
"Prey specificity",1.6,"file7e5861b9e49.xlsx","RG","King mackerel",22,"Sensitivity"
"Tolerance to ocean acidification",1.2,"file7e5861b9e49.xlsx","RG","King mackerel",23,"Sensitivity"
"Complexity in reproductive strategy",1.2,"file7e5861b9e49.xlsx","RG","King mackerel",24,"Sensitivity"
"Species range",3.2,"file7e5861b9e49.xlsx","RG","King mackerel",25,"Sensitivity"
"Specificity in early life history requirements",2.6,"file7e5861b9e49.xlsx","RG","King mackerel",26,"Sensitivity"
"Stock size/status",2.6,"file7e5861b9e49.xlsx","RG","King mackerel",27,"Sensitivity"
"Other stressors",2.6,"file7e5861b9e49.xlsx","RG","King mackerel",28,"Sensitivity"
"Population growth rate",1.4,"file7e5861b9e49.xlsx","RG","King mackerel",30,"Sensitivity"
"Mobility and dispersal or early life stages",1.6,"file7e5861b9e49.xlsx","RG","King mackerel",31,"Sensitivity"
"Adult mobility",1.2,"file7e5861b9e49.xlsx","RG","King mackerel",32,"Sensitivity"
"Spawning characteristics",2.6,"file7e5861b9e49.xlsx","RG","King mackerel",33,"Sensitivity"
"Predation and competition dynamics",1.6,"file7e5861b9e49.xlsx","RG","King mackerel",34,"Sensitivity"
"Genetic diversity",1.2,"file7e5861b9e49.xlsx","RG","King mackerel",35,"Sensitivity"
"Sargassum influx",1.8,"file7e5861b9e49.xlsx","RG","Queen snapper",17,"Exposure"
"Thermocline depth",2.8,"file7e5861b9e49.xlsx","RG","Queen snapper",18,"Exposure"
"Habitat specificity",2.4,"file7e5861b9e49.xlsx","RG","Queen snapper",21,"Sensitivity"
"Prey specificity",1.8,"file7e5861b9e49.xlsx","RG","Queen snapper",22,"Sensitivity"
"Tolerance to ocean acidification",1.8,"file7e5861b9e49.xlsx","RG","Queen snapper",23,"Sensitivity"
"Complexity in reproductive strategy",2.2,"file7e5861b9e49.xlsx","RG","Queen snapper",24,"Sensitivity"
"Species range",2.4,"file7e5861b9e49.xlsx","RG","Queen snapper",25,"Sensitivity"
"Specificity in early life history requirements",1.8,"file7e5861b9e49.xlsx","RG","Queen snapper",26,"Sensitivity"
"Stock size/status",1.4,"file7e5861b9e49.xlsx","RG","Queen snapper",27,"Sensitivity"
"Other stressors",1.6,"file7e5861b9e49.xlsx","RG","Queen snapper",28,"Sensitivity"
"Population growth rate",1.6,"file7e5861b9e49.xlsx","RG","Queen snapper",30,"Sensitivity"
"Mobility and dispersal or early life stages",1.6,"file7e5861b9e49.xlsx","RG","Queen snapper",31,"Sensitivity"
"Adult mobility",1.6,"file7e5861b9e49.xlsx","RG","Queen snapper",32,"Sensitivity"
"Spawning characteristics",1.8,"file7e5861b9e49.xlsx","RG","Queen snapper",33,"Sensitivity"
"Predation and competition dynamics",2.2,"file7e5861b9e49.xlsx","RG","Queen snapper",34,"Sensitivity"
"Genetic diversity",1.6,"file7e5861b9e49.xlsx","RG","Queen snapper",35,"Sensitivity"
"Sargassum influx",3.2,"file7e5861b9e49.xlsx","RG","White mullet",17,"Exposure"
"Thermocline depth",1,"file7e5861b9e49.xlsx","RG","White mullet",18,"Exposure"
"Habitat specificity",2.4,"file7e5861b9e49.xlsx","RG","White mullet",21,"Sensitivity"
"Prey specificity",1.4,"file7e5861b9e49.xlsx","RG","White mullet",22,"Sensitivity"
"Tolerance to ocean acidification",2.8,"file7e5861b9e49.xlsx","RG","White mullet",23,"Sensitivity"
"Complexity in reproductive strategy",2.6,"file7e5861b9e49.xlsx","RG","White mullet",24,"Sensitivity"
"Species range",3.2,"file7e5861b9e49.xlsx","RG","White mullet",25,"Sensitivity"
"Specificity in early life history requirements",2.6,"file7e5861b9e49.xlsx","RG","White mullet",26,"Sensitivity"
"Stock size/status",2.6,"file7e5861b9e49.xlsx","RG","White mullet",27,"Sensitivity"
"Other stressors",2.6,"file7e5861b9e49.xlsx","RG","White mullet",28,"Sensitivity"
"Population growth rate",2.6,"file7e5861b9e49.xlsx","RG","White mullet",30,"Sensitivity"
"Mobility and dispersal or early life stages",1.6,"file7e5861b9e49.xlsx","RG","White mullet",31,"Sensitivity"
"Adult mobility",1.6,"file7e5861b9e49.xlsx","RG","White mullet",32,"Sensitivity"
"Spawning characteristics",1.6,"file7e5861b9e49.xlsx","RG","White mullet",33,"Sensitivity"
"Predation and competition dynamics",1.6,"file7e5861b9e49.xlsx","RG","White mullet",34,"Sensitivity"
"Genetic diversity",1.2,"file7e5861b9e49.xlsx","RG","White mullet",35,"Sensitivity"
"Sargassum influx",1.4,"file7e5822f06c85.xlsx","RL","Gray angelfish",17,"Exposure"
"Thermocline depth",1.6,"file7e5822f06c85.xlsx","RL","Gray angelfish",18,"Exposure"
"Habitat specificity",3.6,"file7e5822f06c85.xlsx","RL","Gray angelfish",21,"Sensitivity"
"Prey specificity",2.8,"file7e5822f06c85.xlsx","RL","Gray angelfish",22,"Sensitivity"
"Tolerance to ocean acidification",2,"file7e5822f06c85.xlsx","RL","Gray angelfish",23,"Sensitivity"
"Complexity in reproductive strategy",3.2,"file7e5822f06c85.xlsx","RL","Gray angelfish",24,"Sensitivity"
"Species range",1.4,"file7e5822f06c85.xlsx","RL","Gray angelfish",25,"Sensitivity"
"Specificity in early life history requirements",3,"file7e5822f06c85.xlsx","RL","Gray angelfish",26,"Sensitivity"
"Stock size/status",2.8,"file7e5822f06c85.xlsx","RL","Gray angelfish",27,"Sensitivity"
"Other stressors",3.4,"file7e5822f06c85.xlsx","RL","Gray angelfish",28,"Sensitivity"
"Population growth rate",2,"file7e5822f06c85.xlsx","RL","Gray angelfish",30,"Sensitivity"
"Mobility and dispersal or early life stages",2.8,"file7e5822f06c85.xlsx","RL","Gray angelfish",31,"Sensitivity"
"Adult mobility",3.4,"file7e5822f06c85.xlsx","RL","Gray angelfish",32,"Sensitivity"
"Spawning characteristics",3.2,"file7e5822f06c85.xlsx","RL","Gray angelfish",33,"Sensitivity"
"Predation and competition dynamics",2.4,"file7e5822f06c85.xlsx","RL","Gray angelfish",34,"Sensitivity"
"Genetic diversity",2,"file7e5822f06c85.xlsx","RL","Gray angelfish",35,"Sensitivity"
"Sargassum influx",1.4,"file7e5822f06c85.xlsx","RL","Hogfish",17,"Exposure"
"Thermocline depth",1.6,"file7e5822f06c85.xlsx","RL","Hogfish",18,"Exposure"
"Habitat specificity",3.4,"file7e5822f06c85.xlsx","RL","Hogfish",21,"Sensitivity"
"Prey specificity",2.8,"file7e5822f06c85.xlsx","RL","Hogfish",22,"Sensitivity"
"Tolerance to ocean acidification",2.8,"file7e5822f06c85.xlsx","RL","Hogfish",23,"Sensitivity"
"Complexity in reproductive strategy",3.4,"file7e5822f06c85.xlsx","RL","Hogfish",24,"Sensitivity"
"Species range",1.8,"file7e5822f06c85.xlsx","RL","Hogfish",25,"Sensitivity"
"Specificity in early life history requirements",3.2,"file7e5822f06c85.xlsx","RL","Hogfish",26,"Sensitivity"
"Stock size/status",3.2,"file7e5822f06c85.xlsx","RL","Hogfish",27,"Sensitivity"
"Other stressors",2.4,"file7e5822f06c85.xlsx","RL","Hogfish",28,"Sensitivity"
"Population growth rate",2,"file7e5822f06c85.xlsx","RL","Hogfish",30,"Sensitivity"
"Mobility and dispersal or early life stages",3,"file7e5822f06c85.xlsx","RL","Hogfish",31,"Sensitivity"
"Adult mobility",3.8,"file7e5822f06c85.xlsx","RL","Hogfish",32,"Sensitivity"
"Spawning characteristics",3.2,"file7e5822f06c85.xlsx","RL","Hogfish",33,"Sensitivity"
"Predation and competition dynamics",2.6,"file7e5822f06c85.xlsx","RL","Hogfish",34,"Sensitivity"
"Genetic diversity",3.6,"file7e5822f06c85.xlsx","RL","Hogfish",35,"Sensitivity"
"Sargassum influx",1.4,"file7e5822f06c85.xlsx","RL","Queen triggerfish",17,"Exposure"
"Thermocline depth",1.6,"file7e5822f06c85.xlsx","RL","Queen triggerfish",18,"Exposure"
"Habitat specificity",3.6,"file7e5822f06c85.xlsx","RL","Queen triggerfish",21,"Sensitivity"
"Prey specificity",2.4,"file7e5822f06c85.xlsx","RL","Queen triggerfish",22,"Sensitivity"
"Tolerance to ocean acidification",2,"file7e5822f06c85.xlsx","RL","Queen triggerfish",23,"Sensitivity"
"Complexity in reproductive strategy",3.2,"file7e5822f06c85.xlsx","RL","Queen triggerfish",24,"Sensitivity"
"Species range",1.4,"file7e5822f06c85.xlsx","RL","Queen triggerfish",25,"Sensitivity"
"Specificity in early life history requirements",3,"file7e5822f06c85.xlsx","RL","Queen triggerfish",26,"Sensitivity"
"Stock size/status",3.6,"file7e5822f06c85.xlsx","RL","Queen triggerfish",27,"Sensitivity"
"Other stressors",3.4,"file7e5822f06c85.xlsx","RL","Queen triggerfish",28,"Sensitivity"
"Population growth rate",2,"file7e5822f06c85.xlsx","RL","Queen triggerfish",30,"Sensitivity"
"Mobility and dispersal or early life stages",2.8,"file7e5822f06c85.xlsx","RL","Queen triggerfish",31,"Sensitivity"
"Adult mobility",3.8,"file7e5822f06c85.xlsx","RL","Queen triggerfish",32,"Sensitivity"
"Spawning characteristics",3.2,"file7e5822f06c85.xlsx","RL","Queen triggerfish",33,"Sensitivity"
"Predation and competition dynamics",2.4,"file7e5822f06c85.xlsx","RL","Queen triggerfish",34,"Sensitivity"
"Genetic diversity",1.4,"file7e5822f06c85.xlsx","RL","Queen triggerfish",35,"Sensitivity"
"Sargassum influx",2,"file7e5822f06c85.xlsx","RL","Rainbow parrotfish",17,"Exposure"
"Thermocline depth",2,"file7e5822f06c85.xlsx","RL","Rainbow parrotfish",18,"Exposure"
"Habitat specificity",3.4,"file7e5822f06c85.xlsx","RL","Rainbow parrotfish",21,"Sensitivity"
"Prey specificity",3,"file7e5822f06c85.xlsx","RL","Rainbow parrotfish",22,"Sensitivity"
"Tolerance to ocean acidification",3.4,"file7e5822f06c85.xlsx","RL","Rainbow parrotfish",23,"Sensitivity"
"Complexity in reproductive strategy",3.2,"file7e5822f06c85.xlsx","RL","Rainbow parrotfish",24,"Sensitivity"
"Species range",3.6,"file7e5822f06c85.xlsx","RL","Rainbow parrotfish",25,"Sensitivity"
"Specificity in early life history requirements",3.2,"file7e5822f06c85.xlsx","RL","Rainbow parrotfish",26,"Sensitivity"
"Stock size/status",3.6,"file7e5822f06c85.xlsx","RL","Rainbow parrotfish",27,"Sensitivity"
"Other stressors",3.6,"file7e5822f06c85.xlsx","RL","Rainbow parrotfish",28,"Sensitivity"
"Population growth rate",2.8,"file7e5822f06c85.xlsx","RL","Rainbow parrotfish",30,"Sensitivity"
"Mobility and dispersal or early life stages",2.8,"file7e5822f06c85.xlsx","RL","Rainbow parrotfish",31,"Sensitivity"
"Adult mobility",3.8,"file7e5822f06c85.xlsx","RL","Rainbow parrotfish",32,"Sensitivity"
"Spawning characteristics",3.2,"file7e5822f06c85.xlsx","RL","Rainbow parrotfish",33,"Sensitivity"
"Predation and competition dynamics",2.6,"file7e5822f06c85.xlsx","RL","Rainbow parrotfish",34,"Sensitivity"
"Genetic diversity",1.6,"file7e5822f06c85.xlsx","RL","Rainbow parrotfish",35,"Sensitivity"
"Habitat specificity",3,"file7e5822f06c85.xlsx","RL","Silk snapper",21,"Sensitivity"
"Prey specificity",2.8,"file7e5822f06c85.xlsx","RL","Silk snapper",22,"Sensitivity"
"Tolerance to ocean acidification",2,"file7e5822f06c85.xlsx","RL","Silk snapper",23,"Sensitivity"
"Complexity in reproductive strategy",2.4,"file7e5822f06c85.xlsx","RL","Silk snapper",24,"Sensitivity"
"Species range",1.4,"file7e5822f06c85.xlsx","RL","Silk snapper",25,"Sensitivity"
"Specificity in early life history requirements",3.4,"file7e5822f06c85.xlsx","RL","Silk snapper",26,"Sensitivity"
"Stock size/status",3.4,"file7e5822f06c85.xlsx","RL","Silk snapper",27,"Sensitivity"
"Other stressors",3.4,"file7e5822f06c85.xlsx","RL","Silk snapper",28,"Sensitivity"
"Population growth rate",2,"file7e5822f06c85.xlsx","RL","Silk snapper",30,"Sensitivity"
"Mobility and dispersal or early life stages",2.8,"file7e5822f06c85.xlsx","RL","Silk snapper",31,"Sensitivity"
"Adult mobility",3.8,"file7e5822f06c85.xlsx","RL","Silk snapper",32,"Sensitivity"
"Spawning characteristics",3.2,"file7e5822f06c85.xlsx","RL","Silk snapper",33,"Sensitivity"
"Predation and competition dynamics",2.4,"file7e5822f06c85.xlsx","RL","Silk snapper",34,"Sensitivity"
"Genetic diversity",1.4,"file7e5822f06c85.xlsx","RL","Silk snapper",35,"Sensitivity"
"Sargassum influx",2,"file7e5822f06c85.xlsx","RL","Stoplight parrotfish",17,"Exposure"
"Thermocline depth",2,"file7e5822f06c85.xlsx","RL","Stoplight parrotfish",18,"Exposure"
"Habitat specificity",3,"file7e5822f06c85.xlsx","RL","Stoplight parrotfish",21,"Sensitivity"
"Prey specificity",3,"file7e5822f06c85.xlsx","RL","Stoplight parrotfish",22,"Sensitivity"
"Tolerance to ocean acidification",3,"file7e5822f06c85.xlsx","RL","Stoplight parrotfish",23,"Sensitivity"
"Complexity in reproductive strategy",3.2,"file7e5822f06c85.xlsx","RL","Stoplight parrotfish",24,"Sensitivity"
"Species range",3,"file7e5822f06c85.xlsx","RL","Stoplight parrotfish",25,"Sensitivity"
"Specificity in early life history requirements",3.2,"file7e5822f06c85.xlsx","RL","Stoplight parrotfish",26,"Sensitivity"
"Stock size/status",3.4,"file7e5822f06c85.xlsx","RL","Stoplight parrotfish",27,"Sensitivity"
"Other stressors",3.6,"file7e5822f06c85.xlsx","RL","Stoplight parrotfish",28,"Sensitivity"
"Population growth rate",2.8,"file7e5822f06c85.xlsx","RL","Stoplight parrotfish",30,"Sensitivity"
"Mobility and dispersal or early life stages",2.8,"file7e5822f06c85.xlsx","RL","Stoplight parrotfish",31,"Sensitivity"
"Adult mobility",3.8,"file7e5822f06c85.xlsx","RL","Stoplight parrotfish",32,"Sensitivity"
"Spawning characteristics",3.2,"file7e5822f06c85.xlsx","RL","Stoplight parrotfish",33,"Sensitivity"
"Predation and competition dynamics",2.6,"file7e5822f06c85.xlsx","RL","Stoplight parrotfish",34,"Sensitivity"
"Genetic diversity",1.6,"file7e5822f06c85.xlsx","RL","Stoplight parrotfish",35,"Sensitivity"
"Sargassum influx",1.4,"file7e585b6838cc.xlsx","SK","Misty grouper",17,"Exposure"
"Thermocline depth",2.2,"file7e585b6838cc.xlsx","SK","Misty grouper",18,"Exposure"
"Habitat specificity",2.6,"file7e585b6838cc.xlsx","SK","Misty grouper",21,"Sensitivity"
"Prey specificity",2.4,"file7e585b6838cc.xlsx","SK","Misty grouper",22,"Sensitivity"
"Tolerance to ocean acidification",2.4,"file7e585b6838cc.xlsx","SK","Misty grouper",23,"Sensitivity"
"Complexity in reproductive strategy",3.4,"file7e585b6838cc.xlsx","SK","Misty grouper",24,"Sensitivity"
"Species range",3.2,"file7e585b6838cc.xlsx","SK","Misty grouper",25,"Sensitivity"
"Specificity in early life history requirements",3.2,"file7e585b6838cc.xlsx","SK","Misty grouper",26,"Sensitivity"
"Stock size/status",3.8,"file7e585b6838cc.xlsx","SK","Misty grouper",27,"Sensitivity"
"Population growth rate",3.8,"file7e585b6838cc.xlsx","SK","Misty grouper",30,"Sensitivity"
"Mobility and dispersal or early life stages",3.4,"file7e585b6838cc.xlsx","SK","Misty grouper",31,"Sensitivity"
"Adult mobility",2.8,"file7e585b6838cc.xlsx","SK","Misty grouper",32,"Sensitivity"
"Spawning characteristics",3.6,"file7e585b6838cc.xlsx","SK","Misty grouper",33,"Sensitivity"
"Predation and competition dynamics",2.8,"file7e585b6838cc.xlsx","SK","Misty grouper",34,"Sensitivity"
"Genetic diversity",2.4,"file7e585b6838cc.xlsx","SK","Misty grouper",35,"Sensitivity"
"Sargassum influx",1.8,"file7e585b6838cc.xlsx","SK","Mutton snapper",17,"Exposure"
"Thermocline depth",2,"file7e585b6838cc.xlsx","SK","Mutton snapper",18,"Exposure"
"Habitat specificity",2.4,"file7e585b6838cc.xlsx","SK","Mutton snapper",21,"Sensitivity"
"Prey specificity",2,"file7e585b6838cc.xlsx","SK","Mutton snapper",22,"Sensitivity"
"Tolerance to ocean acidification",2,"file7e585b6838cc.xlsx","SK","Mutton snapper",23,"Sensitivity"
"Complexity in reproductive strategy",3,"file7e585b6838cc.xlsx","SK","Mutton snapper",24,"Sensitivity"
"Species range",2.2,"file7e585b6838cc.xlsx","SK","Mutton snapper",25,"Sensitivity"
"Specificity in early life history requirements",2.4,"file7e585b6838cc.xlsx","SK","Mutton snapper",26,"Sensitivity"
"Stock size/status",2,"file7e585b6838cc.xlsx","SK","Mutton snapper",27,"Sensitivity"
"Other stressors",2.2,"file7e585b6838cc.xlsx","SK","Mutton snapper",28,"Sensitivity"
"Population growth rate",2,"file7e585b6838cc.xlsx","SK","Mutton snapper",30,"Sensitivity"
"Mobility and dispersal or early life stages",1.6,"file7e585b6838cc.xlsx","SK","Mutton snapper",31,"Sensitivity"
"Adult mobility",1.6,"file7e585b6838cc.xlsx","SK","Mutton snapper",32,"Sensitivity"
"Spawning characteristics",3.2,"file7e585b6838cc.xlsx","SK","Mutton snapper",33,"Sensitivity"
"Predation and competition dynamics",2.4,"file7e585b6838cc.xlsx","SK","Mutton snapper",34,"Sensitivity"
"Genetic diversity",1.6,"file7e585b6838cc.xlsx","SK","Mutton snapper",35,"Sensitivity"
"Sargassum influx",2.2,"file7e585b6838cc.xlsx","SK","Nassau grouper",17,"Exposure"
"Thermocline depth",1.6,"file7e585b6838cc.xlsx","SK","Nassau grouper",18,"Exposure"
"Habitat specificity",2.4,"file7e585b6838cc.xlsx","SK","Nassau grouper",21,"Sensitivity"
"Prey specificity",2.2,"file7e585b6838cc.xlsx","SK","Nassau grouper",22,"Sensitivity"
"Tolerance to ocean acidification",2.4,"file7e585b6838cc.xlsx","SK","Nassau grouper",23,"Sensitivity"
"Complexity in reproductive strategy",3.8,"file7e585b6838cc.xlsx","SK","Nassau grouper",24,"Sensitivity"
"Species range",2.8,"file7e585b6838cc.xlsx","SK","Nassau grouper",25,"Sensitivity"
"Specificity in early life history requirements",3,"file7e585b6838cc.xlsx","SK","Nassau grouper",26,"Sensitivity"
"Stock size/status",3.8,"file7e585b6838cc.xlsx","SK","Nassau grouper",27,"Sensitivity"
"Other stressors",2.4,"file7e585b6838cc.xlsx","SK","Nassau grouper",28,"Sensitivity"
"Population growth rate",3.4,"file7e585b6838cc.xlsx","SK","Nassau grouper",30,"Sensitivity"
"Mobility and dispersal or early life stages",2.4,"file7e585b6838cc.xlsx","SK","Nassau grouper",31,"Sensitivity"
"Adult mobility",2,"file7e585b6838cc.xlsx","SK","Nassau grouper",32,"Sensitivity"
"Spawning characteristics",3.2,"file7e585b6838cc.xlsx","SK","Nassau grouper",33,"Sensitivity"
"Predation and competition dynamics",2,"file7e585b6838cc.xlsx","SK","Nassau grouper",34,"Sensitivity"
"Genetic diversity",3.4,"file7e585b6838cc.xlsx","SK","Nassau grouper",35,"Sensitivity"
"Sargassum influx",2,"file7e585b6838cc.xlsx","SK","Red grouper",17,"Exposure"
"Thermocline depth",2,"file7e585b6838cc.xlsx","SK","Red grouper",18,"Exposure"
"Habitat specificity",2.6,"file7e585b6838cc.xlsx","SK","Red grouper",21,"Sensitivity"
"Prey specificity",1.6,"file7e585b6838cc.xlsx","SK","Red grouper",22,"Sensitivity"
"Tolerance to ocean acidification",3.2,"file7e585b6838cc.xlsx","SK","Red grouper",23,"Sensitivity"
"Complexity in reproductive strategy",3,"file7e585b6838cc.xlsx","SK","Red grouper",24,"Sensitivity"
"Species range",2.2,"file7e585b6838cc.xlsx","SK","Red grouper",25,"Sensitivity"
"Specificity in early life history requirements",2.6,"file7e585b6838cc.xlsx","SK","Red grouper",26,"Sensitivity"
"Stock size/status",2.8,"file7e585b6838cc.xlsx","SK","Red grouper",27,"Sensitivity"
"Other stressors",2.4,"file7e585b6838cc.xlsx","SK","Red grouper",28,"Sensitivity"
"Population growth rate",3.8,"file7e585b6838cc.xlsx","SK","Red grouper",30,"Sensitivity"
"Mobility and dispersal or early life stages",2.4,"file7e585b6838cc.xlsx","SK","Red grouper",31,"Sensitivity"
"Adult mobility",2.4,"file7e585b6838cc.xlsx","SK","Red grouper",32,"Sensitivity"
"Spawning characteristics",3.2,"file7e585b6838cc.xlsx","SK","Red grouper",33,"Sensitivity"
"Predation and competition dynamics",2.4,"file7e585b6838cc.xlsx","SK","Red grouper",34,"Sensitivity"
"Genetic diversity",1.8,"file7e585b6838cc.xlsx","SK","Red grouper",35,"Sensitivity"
"Sargassum influx",2.4,"file7e585b6838cc.xlsx","SK","Red hind",17,"Exposure"
"Thermocline depth",1.8,"file7e585b6838cc.xlsx","SK","Red hind",18,"Exposure"
"Habitat specificity",2.2,"file7e585b6838cc.xlsx","SK","Red hind",21,"Sensitivity"
"Prey specificity",2.2,"file7e585b6838cc.xlsx","SK","Red hind",22,"Sensitivity"
"Tolerance to ocean acidification",1.6,"file7e585b6838cc.xlsx","SK","Red hind",23,"Sensitivity"
"Complexity in reproductive strategy",3.6,"file7e585b6838cc.xlsx","SK","Red hind",24,"Sensitivity"
"Species range",2.6,"file7e585b6838cc.xlsx","SK","Red hind",25,"Sensitivity"
"Specificity in early life history requirements",2.4,"file7e585b6838cc.xlsx","SK","Red hind",26,"Sensitivity"
"Stock size/status",2,"file7e585b6838cc.xlsx","SK","Red hind",27,"Sensitivity"
"Other stressors",2.4,"file7e585b6838cc.xlsx","SK","Red hind",28,"Sensitivity"
"Population growth rate",2.2,"file7e585b6838cc.xlsx","SK","Red hind",30,"Sensitivity"
"Mobility and dispersal or early life stages",2.4,"file7e585b6838cc.xlsx","SK","Red hind",31,"Sensitivity"
"Adult mobility",2,"file7e585b6838cc.xlsx","SK","Red hind",32,"Sensitivity"
"Spawning characteristics",3,"file7e585b6838cc.xlsx","SK","Red hind",33,"Sensitivity"
"Predation and competition dynamics",2.8,"file7e585b6838cc.xlsx","SK","Red hind",34,"Sensitivity"
"Genetic diversity",2,"file7e585b6838cc.xlsx","SK","Red hind",35,"Sensitivity"
"Sargassum influx",1.8,"file7e585b6838cc.xlsx","SK","Yellowfin grouper",17,"Exposure"
"Thermocline depth",1.6,"file7e585b6838cc.xlsx","SK","Yellowfin grouper",18,"Exposure"
"Habitat specificity",1.6,"file7e585b6838cc.xlsx","SK","Yellowfin grouper",21,"Sensitivity"
"Prey specificity",1.4,"file7e585b6838cc.xlsx","SK","Yellowfin grouper",22,"Sensitivity"
"Tolerance to ocean acidification",2.4,"file7e585b6838cc.xlsx","SK","Yellowfin grouper",23,"Sensitivity"
"Complexity in reproductive strategy",3.8,"file7e585b6838cc.xlsx","SK","Yellowfin grouper",24,"Sensitivity"
"Species range",2.6,"file7e585b6838cc.xlsx","SK","Yellowfin grouper",25,"Sensitivity"
"Specificity in early life history requirements",2.4,"file7e585b6838cc.xlsx","SK","Yellowfin grouper",26,"Sensitivity"
"Stock size/status",3,"file7e585b6838cc.xlsx","SK","Yellowfin grouper",27,"Sensitivity"
"Other stressors",2,"file7e585b6838cc.xlsx","SK","Yellowfin grouper",28,"Sensitivity"
"Population growth rate",3.6,"file7e585b6838cc.xlsx","SK","Yellowfin grouper",30,"Sensitivity"
"Mobility and dispersal or early life stages",2.4,"file7e585b6838cc.xlsx","SK","Yellowfin grouper",31,"Sensitivity"
"Adult mobility",2.2,"file7e585b6838cc.xlsx","SK","Yellowfin grouper",32,"Sensitivity"
"Spawning characteristics",2.2,"file7e585b6838cc.xlsx","SK","Yellowfin grouper",33,"Sensitivity"
"Predation and competition dynamics",1.4,"file7e585b6838cc.xlsx","SK","Yellowfin grouper",34,"Sensitivity"
"Genetic diversity",2,"file7e585b6838cc.xlsx","SK","Yellowfin grouper",35,"Sensitivity"
"Sargassum influx",3.8,"file7e586cd2e1d.xlsx","SW","Long-spined sea urchin",17,"Exposure"
"Habitat specificity",1.2,"file7e586cd2e1d.xlsx","SW","Long-spined sea urchin",21,"Sensitivity"
"Prey specificity",2,"file7e586cd2e1d.xlsx","SW","Long-spined sea urchin",22,"Sensitivity"
"Tolerance to ocean acidification",3.8,"file7e586cd2e1d.xlsx","SW","Long-spined sea urchin",23,"Sensitivity"
"Complexity in reproductive strategy",3.6,"file7e586cd2e1d.xlsx","SW","Long-spined sea urchin",24,"Sensitivity"
"Species range",1,"file7e586cd2e1d.xlsx","SW","Long-spined sea urchin",25,"Sensitivity"
"Specificity in early life history requirements",2.6,"file7e586cd2e1d.xlsx","SW","Long-spined sea urchin",26,"Sensitivity"
"Stock size/status",2.2,"file7e586cd2e1d.xlsx","SW","Long-spined sea urchin",27,"Sensitivity"
"Other stressors",4,"file7e586cd2e1d.xlsx","SW","Long-spined sea urchin",28,"Sensitivity"
"Population growth rate",1.8,"file7e586cd2e1d.xlsx","SW","Long-spined sea urchin",30,"Sensitivity"
"Mobility and dispersal or early life stages",2,"file7e586cd2e1d.xlsx","SW","Long-spined sea urchin",31,"Sensitivity"
"Adult mobility",2.2,"file7e586cd2e1d.xlsx","SW","Long-spined sea urchin",32,"Sensitivity"
"Spawning characteristics",2.4,"file7e586cd2e1d.xlsx","SW","Long-spined sea urchin",33,"Sensitivity"
"Predation and competition dynamics",3.8,"file7e586cd2e1d.xlsx","SW","Long-spined sea urchin",34,"Sensitivity"
"Genetic diversity",4,"file7e586cd2e1d.xlsx","SW","Long-spined sea urchin",35,"Sensitivity"
"Sargassum influx",1,"file7e586cd2e1d.xlsx","SW","Queen snapper",17,"Exposure"
"Thermocline depth",3.8,"file7e586cd2e1d.xlsx","SW","Queen snapper",18,"Exposure"
"Habitat specificity",3.6,"file7e586cd2e1d.xlsx","SW","Queen snapper",21,"Sensitivity"
"Prey specificity",1.2,"file7e586cd2e1d.xlsx","SW","Queen snapper",22,"Sensitivity"
"Tolerance to ocean acidification",3.4,"file7e586cd2e1d.xlsx","SW","Queen snapper",23,"Sensitivity"
"Complexity in reproductive strategy",3.4,"file7e586cd2e1d.xlsx","SW","Queen snapper",24,"Sensitivity"
"Species range",2.4,"file7e586cd2e1d.xlsx","SW","Queen snapper",25,"Sensitivity"
"Specificity in early life history requirements",3,"file7e586cd2e1d.xlsx","SW","Queen snapper",26,"Sensitivity"
"Stock size/status",2.6,"file7e586cd2e1d.xlsx","SW","Queen snapper",27,"Sensitivity"
"Other stressors",2.6,"file7e586cd2e1d.xlsx","SW","Queen snapper",28,"Sensitivity"
"Population growth rate",3.4,"file7e586cd2e1d.xlsx","SW","Queen snapper",30,"Sensitivity"
"Mobility and dispersal or early life stages",2.6,"file7e586cd2e1d.xlsx","SW","Queen snapper",31,"Sensitivity"
"Adult mobility",1.8,"file7e586cd2e1d.xlsx","SW","Queen snapper",32,"Sensitivity"
"Spawning characteristics",2.2,"file7e586cd2e1d.xlsx","SW","Queen snapper",33,"Sensitivity"
"Predation and competition dynamics",2.4,"file7e586cd2e1d.xlsx","SW","Queen snapper",34,"Sensitivity"
"Genetic diversity",3.2,"file7e586cd2e1d.xlsx","SW","Queen snapper",35,"Sensitivity"
"Sargassum influx",3.4,"file7e586cd2e1d.xlsx","SW","Sea cucumbers",17,"Exposure"
"Thermocline depth",1.4,"file7e586cd2e1d.xlsx","SW","Sea cucumbers",18,"Exposure"
"Habitat specificity",1.4,"file7e586cd2e1d.xlsx","SW","Sea cucumbers",21,"Sensitivity"
"Prey specificity",1,"file7e586cd2e1d.xlsx","SW","Sea cucumbers",22,"Sensitivity"
"Tolerance to ocean acidification",3.8,"file7e586cd2e1d.xlsx","SW","Sea cucumbers",23,"Sensitivity"
"Complexity in reproductive strategy",2.4,"file7e586cd2e1d.xlsx","SW","Sea cucumbers",24,"Sensitivity"
"Species range",1,"file7e586cd2e1d.xlsx","SW","Sea cucumbers",25,"Sensitivity"
"Specificity in early life history requirements",2.4,"file7e586cd2e1d.xlsx","SW","Sea cucumbers",26,"Sensitivity"
"Stock size/status",3.8,"file7e586cd2e1d.xlsx","SW","Sea cucumbers",27,"Sensitivity"
"Other stressors",2.4,"file7e586cd2e1d.xlsx","SW","Sea cucumbers",28,"Sensitivity"
"Population growth rate",1.4,"file7e586cd2e1d.xlsx","SW","Sea cucumbers",30,"Sensitivity"
"Mobility and dispersal or early life stages",2.4,"file7e586cd2e1d.xlsx","SW","Sea cucumbers",31,"Sensitivity"
"Adult mobility",2.8,"file7e586cd2e1d.xlsx","SW","Sea cucumbers",32,"Sensitivity"
"Spawning characteristics",2.6,"file7e586cd2e1d.xlsx","SW","Sea cucumbers",33,"Sensitivity"
"Predation and competition dynamics",3.4,"file7e586cd2e1d.xlsx","SW","Sea cucumbers",34,"Sensitivity"
"Genetic diversity",1.6,"file7e586cd2e1d.xlsx","SW","Sea cucumbers",35,"Sensitivity"
"Sargassum influx",3.2,"file7e586cd2e1d.xlsx","SW","Spiny lobster",17,"Exposure"
"Habitat specificity",1.6,"file7e586cd2e1d.xlsx","SW","Spiny lobster",21,"Sensitivity"
"Prey specificity",1.2,"file7e586cd2e1d.xlsx","SW","Spiny lobster",22,"Sensitivity"
"Tolerance to ocean acidification",3.8,"file7e586cd2e1d.xlsx","SW","Spiny lobster",23,"Sensitivity"
"Complexity in reproductive strategy",1.4,"file7e586cd2e1d.xlsx","SW","Spiny lobster",24,"Sensitivity"
"Species range",1,"file7e586cd2e1d.xlsx","SW","Spiny lobster",25,"Sensitivity"
"Specificity in early life history requirements",3.8,"file7e586cd2e1d.xlsx","SW","Spiny lobster",26,"Sensitivity"
"Stock size/status",2.2,"file7e586cd2e1d.xlsx","SW","Spiny lobster",27,"Sensitivity"
"Other stressors",2.8,"file7e586cd2e1d.xlsx","SW","Spiny lobster",28,"Sensitivity"
"Population growth rate",1.6,"file7e586cd2e1d.xlsx","SW","Spiny lobster",30,"Sensitivity"
"Mobility and dispersal or early life stages",1.2,"file7e586cd2e1d.xlsx","SW","Spiny lobster",31,"Sensitivity"
"Adult mobility",1.4,"file7e586cd2e1d.xlsx","SW","Spiny lobster",32,"Sensitivity"
"Spawning characteristics",2.6,"file7e586cd2e1d.xlsx","SW","Spiny lobster",33,"Sensitivity"
"Predation and competition dynamics",2.6,"file7e586cd2e1d.xlsx","SW","Spiny lobster",34,"Sensitivity"
"Genetic diversity",1.4,"file7e586cd2e1d.xlsx","SW","Spiny lobster",35,"Sensitivity"
"Sargassum influx",1.4,"file7e58395aafc.xlsx","WM","Blue runner",17,"Exposure"
"Thermocline depth",1.4,"file7e58395aafc.xlsx","WM","Blue runner",18,"Exposure"
"Habitat specificity",1.4,"file7e58395aafc.xlsx","WM","Blue runner",21,"Sensitivity"
"Prey specificity",1.8,"file7e58395aafc.xlsx","WM","Blue runner",22,"Sensitivity"
"Tolerance to ocean acidification",1,"file7e58395aafc.xlsx","WM","Blue runner",23,"Sensitivity"
"Complexity in reproductive strategy",1.2,"file7e58395aafc.xlsx","WM","Blue runner",24,"Sensitivity"
"Species range",1.8,"file7e58395aafc.xlsx","WM","Blue runner",25,"Sensitivity"
"Specificity in early life history requirements",1.8,"file7e58395aafc.xlsx","WM","Blue runner",26,"Sensitivity"
"Stock size/status",1.8,"file7e58395aafc.xlsx","WM","Blue runner",27,"Sensitivity"
"Other stressors",1.2,"file7e58395aafc.xlsx","WM","Blue runner",28,"Sensitivity"
"Population growth rate",1,"file7e58395aafc.xlsx","WM","Blue runner",30,"Sensitivity"
"Mobility and dispersal or early life stages",1.4,"file7e58395aafc.xlsx","WM","Blue runner",31,"Sensitivity"
"Adult mobility",1.4,"file7e58395aafc.xlsx","WM","Blue runner",32,"Sensitivity"
"Spawning characteristics",1.8,"file7e58395aafc.xlsx","WM","Blue runner",33,"Sensitivity"
"Predation and competition dynamics",2.4,"file7e58395aafc.xlsx","WM","Blue runner",34,"Sensitivity"
"Genetic diversity",1,"file7e58395aafc.xlsx","WM","Blue runner",35,"Sensitivity"
"Sargassum influx",1.4,"file7e58395aafc.xlsx","WM","Dolphinfish",17,"Exposure"
"Thermocline depth",1.4,"file7e58395aafc.xlsx","WM","Dolphinfish",18,"Exposure"
"Habitat specificity",1.4,"file7e58395aafc.xlsx","WM","Dolphinfish",21,"Sensitivity"
"Prey specificity",1.2,"file7e58395aafc.xlsx","WM","Dolphinfish",22,"Sensitivity"
"Tolerance to ocean acidification",1,"file7e58395aafc.xlsx","WM","Dolphinfish",23,"Sensitivity"
"Complexity in reproductive strategy",1.2,"file7e58395aafc.xlsx","WM","Dolphinfish",24,"Sensitivity"
"Species range",1,"file7e58395aafc.xlsx","WM","Dolphinfish",25,"Sensitivity"
"Specificity in early life history requirements",1.4,"file7e58395aafc.xlsx","WM","Dolphinfish",26,"Sensitivity"
"Stock size/status",2,"file7e58395aafc.xlsx","WM","Dolphinfish",27,"Sensitivity"
"Other stressors",1.2,"file7e58395aafc.xlsx","WM","Dolphinfish",28,"Sensitivity"
"Population growth rate",1,"file7e58395aafc.xlsx","WM","Dolphinfish",30,"Sensitivity"
"Mobility and dispersal or early life stages",1.4,"file7e58395aafc.xlsx","WM","Dolphinfish",31,"Sensitivity"
"Adult mobility",1.4,"file7e58395aafc.xlsx","WM","Dolphinfish",32,"Sensitivity"
"Spawning characteristics",1.4,"file7e58395aafc.xlsx","WM","Dolphinfish",33,"Sensitivity"
"Predation and competition dynamics",2.6,"file7e58395aafc.xlsx","WM","Dolphinfish",34,"Sensitivity"
"Genetic diversity",1,"file7e58395aafc.xlsx","WM","Dolphinfish",35,"Sensitivity"
"Sargassum influx",1.4,"file7e58395aafc.xlsx","WM","King mackerel",17,"Exposure"
"Thermocline depth",1.4,"file7e58395aafc.xlsx","WM","King mackerel",18,"Exposure"
"Habitat specificity",2.6,"file7e58395aafc.xlsx","WM","King mackerel",21,"Sensitivity"
"Prey specificity",2.4,"file7e58395aafc.xlsx","WM","King mackerel",22,"Sensitivity"
"Tolerance to ocean acidification",2.4,"file7e58395aafc.xlsx","WM","King mackerel",23,"Sensitivity"
"Complexity in reproductive strategy",2.4,"file7e58395aafc.xlsx","WM","King mackerel",24,"Sensitivity"
"Species range",2,"file7e58395aafc.xlsx","WM","King mackerel",25,"Sensitivity"
"Specificity in early life history requirements",2.4,"file7e58395aafc.xlsx","WM","King mackerel",26,"Sensitivity"
"Stock size/status",2,"file7e58395aafc.xlsx","WM","King mackerel",27,"Sensitivity"
"Other stressors",1.2,"file7e58395aafc.xlsx","WM","King mackerel",28,"Sensitivity"
"Population growth rate",1,"file7e58395aafc.xlsx","WM","King mackerel",30,"Sensitivity"
"Mobility and dispersal or early life stages",2.4,"file7e58395aafc.xlsx","WM","King mackerel",31,"Sensitivity"
"Adult mobility",2.4,"file7e58395aafc.xlsx","WM","King mackerel",32,"Sensitivity"
"Spawning characteristics",1.8,"file7e58395aafc.xlsx","WM","King mackerel",33,"Sensitivity"
"Predation and competition dynamics",2.4,"file7e58395aafc.xlsx","WM","King mackerel",34,"Sensitivity"
"Genetic diversity",2.4,"file7e58395aafc.xlsx","WM","King mackerel",35,"Sensitivity"
"Sargassum influx",2.8,"file7e58395aafc.xlsx","WM","Mutton snapper",17,"Exposure"
"Habitat specificity",3.6,"file7e58395aafc.xlsx","WM","Mutton snapper",21,"Sensitivity"
"Prey specificity",3.6,"file7e58395aafc.xlsx","WM","Mutton snapper",22,"Sensitivity"
"Tolerance to ocean acidification",3.6,"file7e58395aafc.xlsx","WM","Mutton snapper",23,"Sensitivity"
"Complexity in reproductive strategy",3.6,"file7e58395aafc.xlsx","WM","Mutton snapper",24,"Sensitivity"
"Species range",3.8,"file7e58395aafc.xlsx","WM","Mutton snapper",25,"Sensitivity"
"Specificity in early life history requirements",3.8,"file7e58395aafc.xlsx","WM","Mutton snapper",26,"Sensitivity"
"Stock size/status",2.6,"file7e58395aafc.xlsx","WM","Mutton snapper",27,"Sensitivity"
"Other stressors",2.8,"file7e58395aafc.xlsx","WM","Mutton snapper",28,"Sensitivity"
"Population growth rate",2,"file7e58395aafc.xlsx","WM","Mutton snapper",30,"Sensitivity"
"Mobility and dispersal or early life stages",2.2,"file7e58395aafc.xlsx","WM","Mutton snapper",31,"Sensitivity"
"Adult mobility",2.4,"file7e58395aafc.xlsx","WM","Mutton snapper",32,"Sensitivity"
"Spawning characteristics",2.8,"file7e58395aafc.xlsx","WM","Mutton snapper",33,"Sensitivity"
"Predation and competition dynamics",2.8,"file7e58395aafc.xlsx","WM","Mutton snapper",34,"Sensitivity"
"Genetic diversity",3.6,"file7e58395aafc.xlsx","WM","Mutton snapper",35,"Sensitivity"
"Habitat specificity",3.6,"file7e58395aafc.xlsx","WM","Queen snapper",21,"Sensitivity"
"Prey specificity",3.6,"file7e58395aafc.xlsx","WM","Queen snapper",22,"Sensitivity"
"Tolerance to ocean acidification",3.6,"file7e58395aafc.xlsx","WM","Queen snapper",23,"Sensitivity"
"Complexity in reproductive strategy",3.6,"file7e58395aafc.xlsx","WM","Queen snapper",24,"Sensitivity"
"Species range",3.8,"file7e58395aafc.xlsx","WM","Queen snapper",25,"Sensitivity"
"Specificity in early life history requirements",3.8,"file7e58395aafc.xlsx","WM","Queen snapper",26,"Sensitivity"
"Stock size/status",2.6,"file7e58395aafc.xlsx","WM","Queen snapper",27,"Sensitivity"
"Other stressors",2.8,"file7e58395aafc.xlsx","WM","Queen snapper",28,"Sensitivity"
"Population growth rate",1.2,"file7e58395aafc.xlsx","WM","Queen snapper",30,"Sensitivity"
"Mobility and dispersal or early life stages",2.4,"file7e58395aafc.xlsx","WM","Queen snapper",31,"Sensitivity"
"Adult mobility",2.4,"file7e58395aafc.xlsx","WM","Queen snapper",32,"Sensitivity"
"Spawning characteristics",2.6,"file7e58395aafc.xlsx","WM","Queen snapper",33,"Sensitivity"
"Predation and competition dynamics",2.8,"file7e58395aafc.xlsx","WM","Queen snapper",34,"Sensitivity"
"Genetic diversity",3.6,"file7e58395aafc.xlsx","WM","Queen snapper",35,"Sensitivity"
"Sargassum influx",3.6,"file7e58395aafc.xlsx","WM","White mullet",17,"Exposure"
"Habitat specificity",3.8,"file7e58395aafc.xlsx","WM","White mullet",21,"Sensitivity"
"Prey specificity",2.6,"file7e58395aafc.xlsx","WM","White mullet",22,"Sensitivity"
"Tolerance to ocean acidification",1,"file7e58395aafc.xlsx","WM","White mullet",23,"Sensitivity"
"Complexity in reproductive strategy",2.6,"file7e58395aafc.xlsx","WM","White mullet",24,"Sensitivity"
"Species range",2.6,"file7e58395aafc.xlsx","WM","White mullet",25,"Sensitivity"
"Specificity in early life history requirements",2.6,"file7e58395aafc.xlsx","WM","White mullet",26,"Sensitivity"
"Stock size/status",2.6,"file7e58395aafc.xlsx","WM","White mullet",27,"Sensitivity"
"Other stressors",2.6,"file7e58395aafc.xlsx","WM","White mullet",28,"Sensitivity"
"Population growth rate",1,"file7e58395aafc.xlsx","WM","White mullet",30,"Sensitivity"
"Mobility and dispersal or early life stages",2.8,"file7e58395aafc.xlsx","WM","White mullet",31,"Sensitivity"
"Adult mobility",2.6,"file7e58395aafc.xlsx","WM","White mullet",32,"Sensitivity"
"Spawning characteristics",1.8,"file7e58395aafc.xlsx","WM","White mullet",33,"Sensitivity"
"Predation and competition dynamics",2.4,"file7e58395aafc.xlsx","WM","White mullet",34,"Sensitivity"
"Genetic diversity",2,"file7e58395aafc.xlsx","WM","White mullet",35,"Sensitivity"
"Bottom salinity",2.238,"quantitative-exposure-attribute-scores.csv","Calculated","Atlantic thread herring",NA,"Exposure"
"Bottom temperature",3.571,"quantitative-exposure-attribute-scores.csv","Calculated","Atlantic thread herring",NA,"Exposure"
"chl",1.048,"quantitative-exposure-attribute-scores.csv","Calculated","Atlantic thread herring",NA,"Exposure"
"mld",1,"quantitative-exposure-attribute-scores.csv","Calculated","Atlantic thread herring",NA,"Exposure"
"Mean sea surface temperature gradient",1.857,"quantitative-exposure-attribute-scores.csv","Calculated","Atlantic thread herring",NA,"Exposure"
"o200",2.952,"quantitative-exposure-attribute-scores.csv","Calculated","Atlantic thread herring",NA,"Exposure"
"ph",4,"quantitative-exposure-attribute-scores.csv","Calculated","Atlantic thread herring",NA,"Exposure"
"pp",1,"quantitative-exposure-attribute-scores.csv","Calculated","Atlantic thread herring",NA,"Exposure"
"Precipitation",1,"quantitative-exposure-attribute-scores.csv","Calculated","Atlantic thread herring",NA,"Exposure"
"Sea surface oxygen",4,"quantitative-exposure-attribute-scores.csv","Calculated","Atlantic thread herring",NA,"Exposure"
"sss",3.143,"quantitative-exposure-attribute-scores.csv","Calculated","Atlantic thread herring",NA,"Exposure"
"sst",4,"quantitative-exposure-attribute-scores.csv","Calculated","Atlantic thread herring",NA,"Exposure"
"Surface wind speed magnitude",1,"quantitative-exposure-attribute-scores.csv","Calculated","Atlantic thread herring",NA,"Exposure"
"Bottom salinity",2.208,"quantitative-exposure-attribute-scores.csv","Calculated","Ballyhoo",NA,"Exposure"
"Bottom temperature",3.5,"quantitative-exposure-attribute-scores.csv","Calculated","Ballyhoo",NA,"Exposure"
"chl",1.042,"quantitative-exposure-attribute-scores.csv","Calculated","Ballyhoo",NA,"Exposure"
"mld",1,"quantitative-exposure-attribute-scores.csv","Calculated","Ballyhoo",NA,"Exposure"
"Mean sea surface temperature gradient",1.792,"quantitative-exposure-attribute-scores.csv","Calculated","Ballyhoo",NA,"Exposure"
"o200",2.917,"quantitative-exposure-attribute-scores.csv","Calculated","Ballyhoo",NA,"Exposure"
"ph",4,"quantitative-exposure-attribute-scores.csv","Calculated","Ballyhoo",NA,"Exposure"
"pp",1,"quantitative-exposure-attribute-scores.csv","Calculated","Ballyhoo",NA,"Exposure"
"Precipitation",1,"quantitative-exposure-attribute-scores.csv","Calculated","Ballyhoo",NA,"Exposure"
"Sea surface oxygen",4,"quantitative-exposure-attribute-scores.csv","Calculated","Ballyhoo",NA,"Exposure"
"sss",3.125,"quantitative-exposure-attribute-scores.csv","Calculated","Ballyhoo",NA,"Exposure"
"sst",4,"quantitative-exposure-attribute-scores.csv","Calculated","Ballyhoo",NA,"Exposure"
"Surface wind speed magnitude",1,"quantitative-exposure-attribute-scores.csv","Calculated","Ballyhoo",NA,"Exposure"
"Bottom salinity",2.238,"quantitative-exposure-attribute-scores.csv","Calculated","Blue runner",NA,"Exposure"
"Bottom temperature",3.571,"quantitative-exposure-attribute-scores.csv","Calculated","Blue runner",NA,"Exposure"
"chl",1.048,"quantitative-exposure-attribute-scores.csv","Calculated","Blue runner",NA,"Exposure"
"mld",1,"quantitative-exposure-attribute-scores.csv","Calculated","Blue runner",NA,"Exposure"
"Mean sea surface temperature gradient",1.857,"quantitative-exposure-attribute-scores.csv","Calculated","Blue runner",NA,"Exposure"
"o200",2.952,"quantitative-exposure-attribute-scores.csv","Calculated","Blue runner",NA,"Exposure"
"ph",4,"quantitative-exposure-attribute-scores.csv","Calculated","Blue runner",NA,"Exposure"
"pp",1,"quantitative-exposure-attribute-scores.csv","Calculated","Blue runner",NA,"Exposure"
"Precipitation",1,"quantitative-exposure-attribute-scores.csv","Calculated","Blue runner",NA,"Exposure"
"Sea surface oxygen",4,"quantitative-exposure-attribute-scores.csv","Calculated","Blue runner",NA,"Exposure"
"sss",3.143,"quantitative-exposure-attribute-scores.csv","Calculated","Blue runner",NA,"Exposure"
"sst",4,"quantitative-exposure-attribute-scores.csv","Calculated","Blue runner",NA,"Exposure"
"Surface wind speed magnitude",1,"quantitative-exposure-attribute-scores.csv","Calculated","Blue runner",NA,"Exposure"
"Bottom salinity",2.238,"quantitative-exposure-attribute-scores.csv","Calculated","Long-spined sea urchin",NA,"Exposure"
"Bottom temperature",3.571,"quantitative-exposure-attribute-scores.csv","Calculated","Long-spined sea urchin",NA,"Exposure"
"chl",1.048,"quantitative-exposure-attribute-scores.csv","Calculated","Long-spined sea urchin",NA,"Exposure"
"mld",1,"quantitative-exposure-attribute-scores.csv","Calculated","Long-spined sea urchin",NA,"Exposure"
"Mean sea surface temperature gradient",1.857,"quantitative-exposure-attribute-scores.csv","Calculated","Long-spined sea urchin",NA,"Exposure"
"o200",2.952,"quantitative-exposure-attribute-scores.csv","Calculated","Long-spined sea urchin",NA,"Exposure"
"ph",4,"quantitative-exposure-attribute-scores.csv","Calculated","Long-spined sea urchin",NA,"Exposure"
"pp",1,"quantitative-exposure-attribute-scores.csv","Calculated","Long-spined sea urchin",NA,"Exposure"
"Precipitation",1,"quantitative-exposure-attribute-scores.csv","Calculated","Long-spined sea urchin",NA,"Exposure"
"Sea surface oxygen",4,"quantitative-exposure-attribute-scores.csv","Calculated","Long-spined sea urchin",NA,"Exposure"
"sss",3.143,"quantitative-exposure-attribute-scores.csv","Calculated","Long-spined sea urchin",NA,"Exposure"
"sst",4,"quantitative-exposure-attribute-scores.csv","Calculated","Long-spined sea urchin",NA,"Exposure"
"Surface wind speed magnitude",1,"quantitative-exposure-attribute-scores.csv","Calculated","Long-spined sea urchin",NA,"Exposure"
"Bottom salinity",2.208,"quantitative-exposure-attribute-scores.csv","Calculated","Dolphinfish",NA,"Exposure"
"Bottom temperature",3.5,"quantitative-exposure-attribute-scores.csv","Calculated","Dolphinfish",NA,"Exposure"
"chl",1.042,"quantitative-exposure-attribute-scores.csv","Calculated","Dolphinfish",NA,"Exposure"
"mld",1,"quantitative-exposure-attribute-scores.csv","Calculated","Dolphinfish",NA,"Exposure"
"Mean sea surface temperature gradient",1.792,"quantitative-exposure-attribute-scores.csv","Calculated","Dolphinfish",NA,"Exposure"
"o200",2.917,"quantitative-exposure-attribute-scores.csv","Calculated","Dolphinfish",NA,"Exposure"
"ph",4,"quantitative-exposure-attribute-scores.csv","Calculated","Dolphinfish",NA,"Exposure"
"pp",1,"quantitative-exposure-attribute-scores.csv","Calculated","Dolphinfish",NA,"Exposure"
"Precipitation",1,"quantitative-exposure-attribute-scores.csv","Calculated","Dolphinfish",NA,"Exposure"
"Sea surface oxygen",4,"quantitative-exposure-attribute-scores.csv","Calculated","Dolphinfish",NA,"Exposure"
"sss",3.125,"quantitative-exposure-attribute-scores.csv","Calculated","Dolphinfish",NA,"Exposure"
"sst",4,"quantitative-exposure-attribute-scores.csv","Calculated","Dolphinfish",NA,"Exposure"
"Surface wind speed magnitude",1,"quantitative-exposure-attribute-scores.csv","Calculated","Dolphinfish",NA,"Exposure"
"Bottom salinity",2.238,"quantitative-exposure-attribute-scores.csv","Calculated","Gray angelfish",NA,"Exposure"
"Bottom temperature",3.571,"quantitative-exposure-attribute-scores.csv","Calculated","Gray angelfish",NA,"Exposure"
"chl",1.048,"quantitative-exposure-attribute-scores.csv","Calculated","Gray angelfish",NA,"Exposure"
"mld",1,"quantitative-exposure-attribute-scores.csv","Calculated","Gray angelfish",NA,"Exposure"
"Mean sea surface temperature gradient",1.857,"quantitative-exposure-attribute-scores.csv","Calculated","Gray angelfish",NA,"Exposure"
"o200",2.952,"quantitative-exposure-attribute-scores.csv","Calculated","Gray angelfish",NA,"Exposure"
"ph",4,"quantitative-exposure-attribute-scores.csv","Calculated","Gray angelfish",NA,"Exposure"
"pp",1,"quantitative-exposure-attribute-scores.csv","Calculated","Gray angelfish",NA,"Exposure"
"Precipitation",1,"quantitative-exposure-attribute-scores.csv","Calculated","Gray angelfish",NA,"Exposure"
"Sea surface oxygen",4,"quantitative-exposure-attribute-scores.csv","Calculated","Gray angelfish",NA,"Exposure"
"sss",3.143,"quantitative-exposure-attribute-scores.csv","Calculated","Gray angelfish",NA,"Exposure"
"sst",4,"quantitative-exposure-attribute-scores.csv","Calculated","Gray angelfish",NA,"Exposure"
"Surface wind speed magnitude",1,"quantitative-exposure-attribute-scores.csv","Calculated","Gray angelfish",NA,"Exposure"
"Bottom salinity",2.238,"quantitative-exposure-attribute-scores.csv","Calculated","Hogfish",NA,"Exposure"
"Bottom temperature",3.571,"quantitative-exposure-attribute-scores.csv","Calculated","Hogfish",NA,"Exposure"
"chl",1.048,"quantitative-exposure-attribute-scores.csv","Calculated","Hogfish",NA,"Exposure"
"mld",1,"quantitative-exposure-attribute-scores.csv","Calculated","Hogfish",NA,"Exposure"
"Mean sea surface temperature gradient",1.857,"quantitative-exposure-attribute-scores.csv","Calculated","Hogfish",NA,"Exposure"
"o200",2.952,"quantitative-exposure-attribute-scores.csv","Calculated","Hogfish",NA,"Exposure"
"ph",4,"quantitative-exposure-attribute-scores.csv","Calculated","Hogfish",NA,"Exposure"
"pp",1,"quantitative-exposure-attribute-scores.csv","Calculated","Hogfish",NA,"Exposure"
"Precipitation",1,"quantitative-exposure-attribute-scores.csv","Calculated","Hogfish",NA,"Exposure"
"Sea surface oxygen",4,"quantitative-exposure-attribute-scores.csv","Calculated","Hogfish",NA,"Exposure"
"sss",3.143,"quantitative-exposure-attribute-scores.csv","Calculated","Hogfish",NA,"Exposure"
"sst",4,"quantitative-exposure-attribute-scores.csv","Calculated","Hogfish",NA,"Exposure"
"Surface wind speed magnitude",1,"quantitative-exposure-attribute-scores.csv","Calculated","Hogfish",NA,"Exposure"
"Bottom salinity",2.208,"quantitative-exposure-attribute-scores.csv","Calculated","King mackerel",NA,"Exposure"
"Bottom temperature",3.5,"quantitative-exposure-attribute-scores.csv","Calculated","King mackerel",NA,"Exposure"
"chl",1.042,"quantitative-exposure-attribute-scores.csv","Calculated","King mackerel",NA,"Exposure"
"mld",1,"quantitative-exposure-attribute-scores.csv","Calculated","King mackerel",NA,"Exposure"
"Mean sea surface temperature gradient",1.792,"quantitative-exposure-attribute-scores.csv","Calculated","King mackerel",NA,"Exposure"
"o200",2.917,"quantitative-exposure-attribute-scores.csv","Calculated","King mackerel",NA,"Exposure"
"ph",4,"quantitative-exposure-attribute-scores.csv","Calculated","King mackerel",NA,"Exposure"
"pp",1,"quantitative-exposure-attribute-scores.csv","Calculated","King mackerel",NA,"Exposure"
"Precipitation",1,"quantitative-exposure-attribute-scores.csv","Calculated","King mackerel",NA,"Exposure"
"Sea surface oxygen",4,"quantitative-exposure-attribute-scores.csv","Calculated","King mackerel",NA,"Exposure"
"sss",3.125,"quantitative-exposure-attribute-scores.csv","Calculated","King mackerel",NA,"Exposure"
"sst",4,"quantitative-exposure-attribute-scores.csv","Calculated","King mackerel",NA,"Exposure"
"Surface wind speed magnitude",1,"quantitative-exposure-attribute-scores.csv","Calculated","King mackerel",NA,"Exposure"
"Bottom salinity",2.238,"quantitative-exposure-attribute-scores.csv","Calculated","Lane snapper",NA,"Exposure"
"Bottom temperature",3.571,"quantitative-exposure-attribute-scores.csv","Calculated","Lane snapper",NA,"Exposure"
"chl",1.048,"quantitative-exposure-attribute-scores.csv","Calculated","Lane snapper",NA,"Exposure"
"mld",1,"quantitative-exposure-attribute-scores.csv","Calculated","Lane snapper",NA,"Exposure"
"Mean sea surface temperature gradient",1.857,"quantitative-exposure-attribute-scores.csv","Calculated","Lane snapper",NA,"Exposure"
"o200",2.952,"quantitative-exposure-attribute-scores.csv","Calculated","Lane snapper",NA,"Exposure"
"ph",4,"quantitative-exposure-attribute-scores.csv","Calculated","Lane snapper",NA,"Exposure"
"pp",1,"quantitative-exposure-attribute-scores.csv","Calculated","Lane snapper",NA,"Exposure"
"Precipitation",1,"quantitative-exposure-attribute-scores.csv","Calculated","Lane snapper",NA,"Exposure"
"Sea surface oxygen",4,"quantitative-exposure-attribute-scores.csv","Calculated","Lane snapper",NA,"Exposure"
"sss",3.143,"quantitative-exposure-attribute-scores.csv","Calculated","Lane snapper",NA,"Exposure"
"sst",4,"quantitative-exposure-attribute-scores.csv","Calculated","Lane snapper",NA,"Exposure"
"Surface wind speed magnitude",1,"quantitative-exposure-attribute-scores.csv","Calculated","Lane snapper",NA,"Exposure"
"Bottom salinity",2.25,"quantitative-exposure-attribute-scores.csv","Calculated","Misty grouper",NA,"Exposure"
"Bottom temperature",3.65,"quantitative-exposure-attribute-scores.csv","Calculated","Misty grouper",NA,"Exposure"
"chl",1.05,"quantitative-exposure-attribute-scores.csv","Calculated","Misty grouper",NA,"Exposure"
"mld",1,"quantitative-exposure-attribute-scores.csv","Calculated","Misty grouper",NA,"Exposure"
"Mean sea surface temperature gradient",1.85,"quantitative-exposure-attribute-scores.csv","Calculated","Misty grouper",NA,"Exposure"
"o200",3,"quantitative-exposure-attribute-scores.csv","Calculated","Misty grouper",NA,"Exposure"
"ph",4,"quantitative-exposure-attribute-scores.csv","Calculated","Misty grouper",NA,"Exposure"
"pp",1,"quantitative-exposure-attribute-scores.csv","Calculated","Misty grouper",NA,"Exposure"
"Precipitation",1,"quantitative-exposure-attribute-scores.csv","Calculated","Misty grouper",NA,"Exposure"
"Sea surface oxygen",4,"quantitative-exposure-attribute-scores.csv","Calculated","Misty grouper",NA,"Exposure"
"sss",3.2,"quantitative-exposure-attribute-scores.csv","Calculated","Misty grouper",NA,"Exposure"
"sst",4,"quantitative-exposure-attribute-scores.csv","Calculated","Misty grouper",NA,"Exposure"
"Surface wind speed magnitude",1,"quantitative-exposure-attribute-scores.csv","Calculated","Misty grouper",NA,"Exposure"
"Bottom salinity",2.238,"quantitative-exposure-attribute-scores.csv","Calculated","Mutton snapper",NA,"Exposure"
"Bottom temperature",3.571,"quantitative-exposure-attribute-scores.csv","Calculated","Mutton snapper",NA,"Exposure"
"chl",1.048,"quantitative-exposure-attribute-scores.csv","Calculated","Mutton snapper",NA,"Exposure"
"mld",1,"quantitative-exposure-attribute-scores.csv","Calculated","Mutton snapper",NA,"Exposure"
"Mean sea surface temperature gradient",1.857,"quantitative-exposure-attribute-scores.csv","Calculated","Mutton snapper",NA,"Exposure"
"o200",2.952,"quantitative-exposure-attribute-scores.csv","Calculated","Mutton snapper",NA,"Exposure"
"ph",4,"quantitative-exposure-attribute-scores.csv","Calculated","Mutton snapper",NA,"Exposure"
"pp",1,"quantitative-exposure-attribute-scores.csv","Calculated","Mutton snapper",NA,"Exposure"
"Precipitation",1,"quantitative-exposure-attribute-scores.csv","Calculated","Mutton snapper",NA,"Exposure"
"Sea surface oxygen",4,"quantitative-exposure-attribute-scores.csv","Calculated","Mutton snapper",NA,"Exposure"
"sss",3.143,"quantitative-exposure-attribute-scores.csv","Calculated","Mutton snapper",NA,"Exposure"
"sst",4,"quantitative-exposure-attribute-scores.csv","Calculated","Mutton snapper",NA,"Exposure"
"Surface wind speed magnitude",1,"quantitative-exposure-attribute-scores.csv","Calculated","Mutton snapper",NA,"Exposure"
"Bottom salinity",2.238,"quantitative-exposure-attribute-scores.csv","Calculated","Nassau grouper",NA,"Exposure"
"Bottom temperature",3.571,"quantitative-exposure-attribute-scores.csv","Calculated","Nassau grouper",NA,"Exposure"
"chl",1.048,"quantitative-exposure-attribute-scores.csv","Calculated","Nassau grouper",NA,"Exposure"
"mld",1,"quantitative-exposure-attribute-scores.csv","Calculated","Nassau grouper",NA,"Exposure"
"Mean sea surface temperature gradient",1.857,"quantitative-exposure-attribute-scores.csv","Calculated","Nassau grouper",NA,"Exposure"
"o200",2.952,"quantitative-exposure-attribute-scores.csv","Calculated","Nassau grouper",NA,"Exposure"
"ph",4,"quantitative-exposure-attribute-scores.csv","Calculated","Nassau grouper",NA,"Exposure"
"pp",1,"quantitative-exposure-attribute-scores.csv","Calculated","Nassau grouper",NA,"Exposure"
"Precipitation",1,"quantitative-exposure-attribute-scores.csv","Calculated","Nassau grouper",NA,"Exposure"
"Sea surface oxygen",4,"quantitative-exposure-attribute-scores.csv","Calculated","Nassau grouper",NA,"Exposure"
"sss",3.143,"quantitative-exposure-attribute-scores.csv","Calculated","Nassau grouper",NA,"Exposure"
"sst",4,"quantitative-exposure-attribute-scores.csv","Calculated","Nassau grouper",NA,"Exposure"
"Surface wind speed magnitude",1,"quantitative-exposure-attribute-scores.csv","Calculated","Nassau grouper",NA,"Exposure"
"Bottom salinity",2.238,"quantitative-exposure-attribute-scores.csv","Calculated","Queen conch",NA,"Exposure"
"Bottom temperature",3.571,"quantitative-exposure-attribute-scores.csv","Calculated","Queen conch",NA,"Exposure"
"chl",1.048,"quantitative-exposure-attribute-scores.csv","Calculated","Queen conch",NA,"Exposure"
"mld",1,"quantitative-exposure-attribute-scores.csv","Calculated","Queen conch",NA,"Exposure"
"Mean sea surface temperature gradient",1.857,"quantitative-exposure-attribute-scores.csv","Calculated","Queen conch",NA,"Exposure"
"o200",2.952,"quantitative-exposure-attribute-scores.csv","Calculated","Queen conch",NA,"Exposure"
"ph",4,"quantitative-exposure-attribute-scores.csv","Calculated","Queen conch",NA,"Exposure"
"pp",1,"quantitative-exposure-attribute-scores.csv","Calculated","Queen conch",NA,"Exposure"
"Precipitation",1,"quantitative-exposure-attribute-scores.csv","Calculated","Queen conch",NA,"Exposure"
"Sea surface oxygen",4,"quantitative-exposure-attribute-scores.csv","Calculated","Queen conch",NA,"Exposure"
"sss",3.143,"quantitative-exposure-attribute-scores.csv","Calculated","Queen conch",NA,"Exposure"
"sst",4,"quantitative-exposure-attribute-scores.csv","Calculated","Queen conch",NA,"Exposure"
"Surface wind speed magnitude",1,"quantitative-exposure-attribute-scores.csv","Calculated","Queen conch",NA,"Exposure"
"Bottom salinity",2.238,"quantitative-exposure-attribute-scores.csv","Calculated","Queen snapper",NA,"Exposure"
"Bottom temperature",3.571,"quantitative-exposure-attribute-scores.csv","Calculated","Queen snapper",NA,"Exposure"
"chl",1.048,"quantitative-exposure-attribute-scores.csv","Calculated","Queen snapper",NA,"Exposure"
"mld",1,"quantitative-exposure-attribute-scores.csv","Calculated","Queen snapper",NA,"Exposure"
"Mean sea surface temperature gradient",1.857,"quantitative-exposure-attribute-scores.csv","Calculated","Queen snapper",NA,"Exposure"
"o200",2.952,"quantitative-exposure-attribute-scores.csv","Calculated","Queen snapper",NA,"Exposure"
"ph",4,"quantitative-exposure-attribute-scores.csv","Calculated","Queen snapper",NA,"Exposure"
"pp",1,"quantitative-exposure-attribute-scores.csv","Calculated","Queen snapper",NA,"Exposure"
"Precipitation",1,"quantitative-exposure-attribute-scores.csv","Calculated","Queen snapper",NA,"Exposure"
"Sea surface oxygen",4,"quantitative-exposure-attribute-scores.csv","Calculated","Queen snapper",NA,"Exposure"
"sss",3.143,"quantitative-exposure-attribute-scores.csv","Calculated","Queen snapper",NA,"Exposure"
"sst",4,"quantitative-exposure-attribute-scores.csv","Calculated","Queen snapper",NA,"Exposure"
"Surface wind speed magnitude",1,"quantitative-exposure-attribute-scores.csv","Calculated","Queen snapper",NA,"Exposure"
"Bottom salinity",2.238,"quantitative-exposure-attribute-scores.csv","Calculated","Queen triggerfish",NA,"Exposure"
"Bottom temperature",3.571,"quantitative-exposure-attribute-scores.csv","Calculated","Queen triggerfish",NA,"Exposure"
"chl",1.048,"quantitative-exposure-attribute-scores.csv","Calculated","Queen triggerfish",NA,"Exposure"
"mld",1,"quantitative-exposure-attribute-scores.csv","Calculated","Queen triggerfish",NA,"Exposure"
"Mean sea surface temperature gradient",1.857,"quantitative-exposure-attribute-scores.csv","Calculated","Queen triggerfish",NA,"Exposure"
"o200",2.952,"quantitative-exposure-attribute-scores.csv","Calculated","Queen triggerfish",NA,"Exposure"
"ph",4,"quantitative-exposure-attribute-scores.csv","Calculated","Queen triggerfish",NA,"Exposure"
"pp",1,"quantitative-exposure-attribute-scores.csv","Calculated","Queen triggerfish",NA,"Exposure"
"Precipitation",1,"quantitative-exposure-attribute-scores.csv","Calculated","Queen triggerfish",NA,"Exposure"
"Sea surface oxygen",4,"quantitative-exposure-attribute-scores.csv","Calculated","Queen triggerfish",NA,"Exposure"
"sss",3.143,"quantitative-exposure-attribute-scores.csv","Calculated","Queen triggerfish",NA,"Exposure"
"sst",4,"quantitative-exposure-attribute-scores.csv","Calculated","Queen triggerfish",NA,"Exposure"
"Surface wind speed magnitude",1,"quantitative-exposure-attribute-scores.csv","Calculated","Queen triggerfish",NA,"Exposure"
"Bottom salinity",2.238,"quantitative-exposure-attribute-scores.csv","Calculated","Rainbow parrotfish",NA,"Exposure"
"Bottom temperature",3.571,"quantitative-exposure-attribute-scores.csv","Calculated","Rainbow parrotfish",NA,"Exposure"
"chl",1.048,"quantitative-exposure-attribute-scores.csv","Calculated","Rainbow parrotfish",NA,"Exposure"
"mld",1,"quantitative-exposure-attribute-scores.csv","Calculated","Rainbow parrotfish",NA,"Exposure"
"Mean sea surface temperature gradient",1.857,"quantitative-exposure-attribute-scores.csv","Calculated","Rainbow parrotfish",NA,"Exposure"
"o200",2.952,"quantitative-exposure-attribute-scores.csv","Calculated","Rainbow parrotfish",NA,"Exposure"
"ph",4,"quantitative-exposure-attribute-scores.csv","Calculated","Rainbow parrotfish",NA,"Exposure"
"pp",1,"quantitative-exposure-attribute-scores.csv","Calculated","Rainbow parrotfish",NA,"Exposure"
"Precipitation",1,"quantitative-exposure-attribute-scores.csv","Calculated","Rainbow parrotfish",NA,"Exposure"
"Sea surface oxygen",4,"quantitative-exposure-attribute-scores.csv","Calculated","Rainbow parrotfish",NA,"Exposure"
"sss",3.143,"quantitative-exposure-attribute-scores.csv","Calculated","Rainbow parrotfish",NA,"Exposure"
"sst",4,"quantitative-exposure-attribute-scores.csv","Calculated","Rainbow parrotfish",NA,"Exposure"
"Surface wind speed magnitude",1,"quantitative-exposure-attribute-scores.csv","Calculated","Rainbow parrotfish",NA,"Exposure"
"Bottom salinity",2.238,"quantitative-exposure-attribute-scores.csv","Calculated","Red grouper",NA,"Exposure"
"Bottom temperature",3.571,"quantitative-exposure-attribute-scores.csv","Calculated","Red grouper",NA,"Exposure"
"chl",1.048,"quantitative-exposure-attribute-scores.csv","Calculated","Red grouper",NA,"Exposure"
"mld",1,"quantitative-exposure-attribute-scores.csv","Calculated","Red grouper",NA,"Exposure"
"Mean sea surface temperature gradient",1.857,"quantitative-exposure-attribute-scores.csv","Calculated","Red grouper",NA,"Exposure"
"o200",2.952,"quantitative-exposure-attribute-scores.csv","Calculated","Red grouper",NA,"Exposure"
"ph",4,"quantitative-exposure-attribute-scores.csv","Calculated","Red grouper",NA,"Exposure"
"pp",1,"quantitative-exposure-attribute-scores.csv","Calculated","Red grouper",NA,"Exposure"
"Precipitation",1,"quantitative-exposure-attribute-scores.csv","Calculated","Red grouper",NA,"Exposure"
"Sea surface oxygen",4,"quantitative-exposure-attribute-scores.csv","Calculated","Red grouper",NA,"Exposure"
"sss",3.143,"quantitative-exposure-attribute-scores.csv","Calculated","Red grouper",NA,"Exposure"
"sst",4,"quantitative-exposure-attribute-scores.csv","Calculated","Red grouper",NA,"Exposure"
"Surface wind speed magnitude",1,"quantitative-exposure-attribute-scores.csv","Calculated","Red grouper",NA,"Exposure"
"Bottom salinity",2.238,"quantitative-exposure-attribute-scores.csv","Calculated","Red hind",NA,"Exposure"
"Bottom temperature",3.571,"quantitative-exposure-attribute-scores.csv","Calculated","Red hind",NA,"Exposure"
"chl",1.048,"quantitative-exposure-attribute-scores.csv","Calculated","Red hind",NA,"Exposure"
"mld",1,"quantitative-exposure-attribute-scores.csv","Calculated","Red hind",NA,"Exposure"
"Mean sea surface temperature gradient",1.857,"quantitative-exposure-attribute-scores.csv","Calculated","Red hind",NA,"Exposure"
"o200",2.952,"quantitative-exposure-attribute-scores.csv","Calculated","Red hind",NA,"Exposure"
"ph",4,"quantitative-exposure-attribute-scores.csv","Calculated","Red hind",NA,"Exposure"
"pp",1,"quantitative-exposure-attribute-scores.csv","Calculated","Red hind",NA,"Exposure"
"Precipitation",1,"quantitative-exposure-attribute-scores.csv","Calculated","Red hind",NA,"Exposure"
"Sea surface oxygen",4,"quantitative-exposure-attribute-scores.csv","Calculated","Red hind",NA,"Exposure"
"sss",3.143,"quantitative-exposure-attribute-scores.csv","Calculated","Red hind",NA,"Exposure"
"sst",4,"quantitative-exposure-attribute-scores.csv","Calculated","Red hind",NA,"Exposure"
"Surface wind speed magnitude",1,"quantitative-exposure-attribute-scores.csv","Calculated","Red hind",NA,"Exposure"
"Bottom salinity",2.238,"quantitative-exposure-attribute-scores.csv","Calculated","Sea cucumbers",NA,"Exposure"
"Bottom temperature",3.571,"quantitative-exposure-attribute-scores.csv","Calculated","Sea cucumbers",NA,"Exposure"
"chl",1.048,"quantitative-exposure-attribute-scores.csv","Calculated","Sea cucumbers",NA,"Exposure"
"mld",1,"quantitative-exposure-attribute-scores.csv","Calculated","Sea cucumbers",NA,"Exposure"
"Mean sea surface temperature gradient",1.857,"quantitative-exposure-attribute-scores.csv","Calculated","Sea cucumbers",NA,"Exposure"
"o200",2.952,"quantitative-exposure-attribute-scores.csv","Calculated","Sea cucumbers",NA,"Exposure"
"ph",4,"quantitative-exposure-attribute-scores.csv","Calculated","Sea cucumbers",NA,"Exposure"
"pp",1,"quantitative-exposure-attribute-scores.csv","Calculated","Sea cucumbers",NA,"Exposure"
"Precipitation",1,"quantitative-exposure-attribute-scores.csv","Calculated","Sea cucumbers",NA,"Exposure"
"Sea surface oxygen",4,"quantitative-exposure-attribute-scores.csv","Calculated","Sea cucumbers",NA,"Exposure"
"sss",3.143,"quantitative-exposure-attribute-scores.csv","Calculated","Sea cucumbers",NA,"Exposure"
"sst",4,"quantitative-exposure-attribute-scores.csv","Calculated","Sea cucumbers",NA,"Exposure"
"Surface wind speed magnitude",1,"quantitative-exposure-attribute-scores.csv","Calculated","Sea cucumbers",NA,"Exposure"
"Bottom salinity",2.238,"quantitative-exposure-attribute-scores.csv","Calculated","Silk snapper",NA,"Exposure"
"Bottom temperature",3.571,"quantitative-exposure-attribute-scores.csv","Calculated","Silk snapper",NA,"Exposure"
"chl",1.048,"quantitative-exposure-attribute-scores.csv","Calculated","Silk snapper",NA,"Exposure"
"mld",1,"quantitative-exposure-attribute-scores.csv","Calculated","Silk snapper",NA,"Exposure"
"Mean sea surface temperature gradient",1.857,"quantitative-exposure-attribute-scores.csv","Calculated","Silk snapper",NA,"Exposure"
"o200",2.952,"quantitative-exposure-attribute-scores.csv","Calculated","Silk snapper",NA,"Exposure"
"ph",4,"quantitative-exposure-attribute-scores.csv","Calculated","Silk snapper",NA,"Exposure"
"pp",1,"quantitative-exposure-attribute-scores.csv","Calculated","Silk snapper",NA,"Exposure"
"Precipitation",1,"quantitative-exposure-attribute-scores.csv","Calculated","Silk snapper",NA,"Exposure"
"Sea surface oxygen",4,"quantitative-exposure-attribute-scores.csv","Calculated","Silk snapper",NA,"Exposure"
"sss",3.143,"quantitative-exposure-attribute-scores.csv","Calculated","Silk snapper",NA,"Exposure"
"sst",4,"quantitative-exposure-attribute-scores.csv","Calculated","Silk snapper",NA,"Exposure"
"Surface wind speed magnitude",1,"quantitative-exposure-attribute-scores.csv","Calculated","Silk snapper",NA,"Exposure"
"Bottom salinity",2.238,"quantitative-exposure-attribute-scores.csv","Calculated","Spiny lobster",NA,"Exposure"
"Bottom temperature",3.571,"quantitative-exposure-attribute-scores.csv","Calculated","Spiny lobster",NA,"Exposure"
"chl",1.048,"quantitative-exposure-attribute-scores.csv","Calculated","Spiny lobster",NA,"Exposure"
"mld",1,"quantitative-exposure-attribute-scores.csv","Calculated","Spiny lobster",NA,"Exposure"
"Mean sea surface temperature gradient",1.857,"quantitative-exposure-attribute-scores.csv","Calculated","Spiny lobster",NA,"Exposure"
"o200",2.952,"quantitative-exposure-attribute-scores.csv","Calculated","Spiny lobster",NA,"Exposure"
"ph",4,"quantitative-exposure-attribute-scores.csv","Calculated","Spiny lobster",NA,"Exposure"
"pp",1,"quantitative-exposure-attribute-scores.csv","Calculated","Spiny lobster",NA,"Exposure"
"Precipitation",1,"quantitative-exposure-attribute-scores.csv","Calculated","Spiny lobster",NA,"Exposure"
"Sea surface oxygen",4,"quantitative-exposure-attribute-scores.csv","Calculated","Spiny lobster",NA,"Exposure"
"sss",3.143,"quantitative-exposure-attribute-scores.csv","Calculated","Spiny lobster",NA,"Exposure"
"sst",4,"quantitative-exposure-attribute-scores.csv","Calculated","Spiny lobster",NA,"Exposure"
"Surface wind speed magnitude",1,"quantitative-exposure-attribute-scores.csv","Calculated","Spiny lobster",NA,"Exposure"
"Bottom salinity",2.238,"quantitative-exposure-attribute-scores.csv","Calculated","Stoplight parrotfish",NA,"Exposure"
"Bottom temperature",3.571,"quantitative-exposure-attribute-scores.csv","Calculated","Stoplight parrotfish",NA,"Exposure"
"chl",1.048,"quantitative-exposure-attribute-scores.csv","Calculated","Stoplight parrotfish",NA,"Exposure"
"mld",1,"quantitative-exposure-attribute-scores.csv","Calculated","Stoplight parrotfish",NA,"Exposure"
"Mean sea surface temperature gradient",1.857,"quantitative-exposure-attribute-scores.csv","Calculated","Stoplight parrotfish",NA,"Exposure"
"o200",2.952,"quantitative-exposure-attribute-scores.csv","Calculated","Stoplight parrotfish",NA,"Exposure"
"ph",4,"quantitative-exposure-attribute-scores.csv","Calculated","Stoplight parrotfish",NA,"Exposure"
"pp",1,"quantitative-exposure-attribute-scores.csv","Calculated","Stoplight parrotfish",NA,"Exposure"
"Precipitation",1,"quantitative-exposure-attribute-scores.csv","Calculated","Stoplight parrotfish",NA,"Exposure"
"Sea surface oxygen",4,"quantitative-exposure-attribute-scores.csv","Calculated","Stoplight parrotfish",NA,"Exposure"
"sss",3.143,"quantitative-exposure-attribute-scores.csv","Calculated","Stoplight parrotfish",NA,"Exposure"
"sst",4,"quantitative-exposure-attribute-scores.csv","Calculated","Stoplight parrotfish",NA,"Exposure"
"Surface wind speed magnitude",1,"quantitative-exposure-attribute-scores.csv","Calculated","Stoplight parrotfish",NA,"Exposure"
"Bottom salinity",2.238,"quantitative-exposure-attribute-scores.csv","Calculated","White mullet",NA,"Exposure"
"Bottom temperature",3.571,"quantitative-exposure-attribute-scores.csv","Calculated","White mullet",NA,"Exposure"
"chl",1.048,"quantitative-exposure-attribute-scores.csv","Calculated","White mullet",NA,"Exposure"
"mld",1,"quantitative-exposure-attribute-scores.csv","Calculated","White mullet",NA,"Exposure"
"Mean sea surface temperature gradient",1.857,"quantitative-exposure-attribute-scores.csv","Calculated","White mullet",NA,"Exposure"
"o200",2.952,"quantitative-exposure-attribute-scores.csv","Calculated","White mullet",NA,"Exposure"
"ph",4,"quantitative-exposure-attribute-scores.csv","Calculated","White mullet",NA,"Exposure"
"pp",1,"quantitative-exposure-attribute-scores.csv","Calculated","White mullet",NA,"Exposure"
"Precipitation",1,"quantitative-exposure-attribute-scores.csv","Calculated","White mullet",NA,"Exposure"
"Sea surface oxygen",4,"quantitative-exposure-attribute-scores.csv","Calculated","White mullet",NA,"Exposure"
"sss",3.143,"quantitative-exposure-attribute-scores.csv","Calculated","White mullet",NA,"Exposure"
"sst",4,"quantitative-exposure-attribute-scores.csv","Calculated","White mullet",NA,"Exposure"
"Surface wind speed magnitude",1,"quantitative-exposure-attribute-scores.csv","Calculated","White mullet",NA,"Exposure"
"Bottom salinity",2.238,"quantitative-exposure-attribute-scores.csv","Calculated","Yellowfin grouper",NA,"Exposure"
"Bottom temperature",3.571,"quantitative-exposure-attribute-scores.csv","Calculated","Yellowfin grouper",NA,"Exposure"
"chl",1.048,"quantitative-exposure-attribute-scores.csv","Calculated","Yellowfin grouper",NA,"Exposure"
"mld",1,"quantitative-exposure-attribute-scores.csv","Calculated","Yellowfin grouper",NA,"Exposure"
"Mean sea surface temperature gradient",1.857,"quantitative-exposure-attribute-scores.csv","Calculated","Yellowfin grouper",NA,"Exposure"
"o200",2.952,"quantitative-exposure-attribute-scores.csv","Calculated","Yellowfin grouper",NA,"Exposure"
"ph",4,"quantitative-exposure-attribute-scores.csv","Calculated","Yellowfin grouper",NA,"Exposure"
"pp",1,"quantitative-exposure-attribute-scores.csv","Calculated","Yellowfin grouper",NA,"Exposure"
"Precipitation",1,"quantitative-exposure-attribute-scores.csv","Calculated","Yellowfin grouper",NA,"Exposure"
"Sea surface oxygen",4,"quantitative-exposure-attribute-scores.csv","Calculated","Yellowfin grouper",NA,"Exposure"
"sss",3.143,"quantitative-exposure-attribute-scores.csv","Calculated","Yellowfin grouper",NA,"Exposure"
"sst",4,"quantitative-exposure-attribute-scores.csv","Calculated","Yellowfin grouper",NA,"Exposure"
"Surface wind speed magnitude",1,"quantitative-exposure-attribute-scores.csv","Calculated","Yellowfin grouper",NA,"Exposure"
"Bottom salinity",2.238,"quantitative-exposure-attribute-scores.csv","Calculated","Yellowtail snapper",NA,"Exposure"
"Bottom temperature",3.571,"quantitative-exposure-attribute-scores.csv","Calculated","Yellowtail snapper",NA,"Exposure"
"chl",1.048,"quantitative-exposure-attribute-scores.csv","Calculated","Yellowtail snapper",NA,"Exposure"
"mld",1,"quantitative-exposure-attribute-scores.csv","Calculated","Yellowtail snapper",NA,"Exposure"
"Mean sea surface temperature gradient",1.857,"quantitative-exposure-attribute-scores.csv","Calculated","Yellowtail snapper",NA,"Exposure"
"o200",2.952,"quantitative-exposure-attribute-scores.csv","Calculated","Yellowtail snapper",NA,"Exposure"
"ph",4,"quantitative-exposure-attribute-scores.csv","Calculated","Yellowtail snapper",NA,"Exposure"
"pp",1,"quantitative-exposure-attribute-scores.csv","Calculated","Yellowtail snapper",NA,"Exposure"
"Precipitation",1,"quantitative-exposure-attribute-scores.csv","Calculated","Yellowtail snapper",NA,"Exposure"
"Sea surface oxygen",4,"quantitative-exposure-attribute-scores.csv","Calculated","Yellowtail snapper",NA,"Exposure"
"sss",3.143,"quantitative-exposure-attribute-scores.csv","Calculated","Yellowtail snapper",NA,"Exposure"
"sst",4,"quantitative-exposure-attribute-scores.csv","Calculated","Yellowtail snapper",NA,"Exposure"
"Surface wind speed magnitude",1,"quantitative-exposure-attribute-scores.csv","Calculated","Yellowtail snapper",NA,"Exposure"
