"Attribute_name","Final_score","SourceFile","Scorer","stock_name","row_idx","Attribute_type"
"Sargassum influx",2.4,"filecde0d646af.xlsx","AA","Atlantic thread herring",17,"Qualitative Exposure Factors"
"Habitat specificity",1.2,"filecde0d646af.xlsx","AA","Atlantic thread herring",21,"Sensitivity"
"Prey specificity",2.2,"filecde0d646af.xlsx","AA","Atlantic thread herring",22,"Sensitivity"
"Tolerance to ocean acidification",1,"filecde0d646af.xlsx","AA","Atlantic thread herring",23,"Sensitivity"
"Complexity in reproductive strategy",1.8,"filecde0d646af.xlsx","AA","Atlantic thread herring",24,"Sensitivity"
"Species range",1.4,"filecde0d646af.xlsx","AA","Atlantic thread herring",25,"Sensitivity"
"Specificity in early life history requirements",2.4,"filecde0d646af.xlsx","AA","Atlantic thread herring",26,"Sensitivity"
"Stock size/status",2,"filecde0d646af.xlsx","AA","Atlantic thread herring",27,"Sensitivity"
"Other stressors",1.4,"filecde0d646af.xlsx","AA","Atlantic thread herring",28,"Sensitivity"
"Population growth rate",1.2,"filecde0d646af.xlsx","AA","Atlantic thread herring",30,"Rigidity"
"Mobility and dispersal or early life stages",2.4,"filecde0d646af.xlsx","AA","Atlantic thread herring",31,"Rigidity"
"Adult mobility",1.8,"filecde0d646af.xlsx","AA","Atlantic thread herring",32,"Rigidity"
"Spawning characteristics",2.2,"filecde0d646af.xlsx","AA","Atlantic thread herring",33,"Rigidity"
"Predation and competition dynamics",2,"filecde0d646af.xlsx","AA","Atlantic thread herring",34,"Rigidity"
"Genetic diversity",1,"filecde0d646af.xlsx","AA","Atlantic thread herring",35,"Rigidity"
"Sargassum influx",3.4,"filecde0d646af.xlsx","AA","Ballyhoo",17,"Qualitative Exposure Factors"
"Habitat specificity",1.4,"filecde0d646af.xlsx","AA","Ballyhoo",21,"Sensitivity"
"Prey specificity",1.4,"filecde0d646af.xlsx","AA","Ballyhoo",22,"Sensitivity"
"Tolerance to ocean acidification",1,"filecde0d646af.xlsx","AA","Ballyhoo",23,"Sensitivity"
"Complexity in reproductive strategy",1.2,"filecde0d646af.xlsx","AA","Ballyhoo",24,"Sensitivity"
"Species range",1.4,"filecde0d646af.xlsx","AA","Ballyhoo",25,"Sensitivity"
"Specificity in early life history requirements",2.4,"filecde0d646af.xlsx","AA","Ballyhoo",26,"Sensitivity"
"Stock size/status",2.6,"filecde0d646af.xlsx","AA","Ballyhoo",27,"Sensitivity"
"Other stressors",2.4,"filecde0d646af.xlsx","AA","Ballyhoo",28,"Sensitivity"
"Population growth rate",1.2,"filecde0d646af.xlsx","AA","Ballyhoo",30,"Rigidity"
"Mobility and dispersal or early life stages",2.6,"filecde0d646af.xlsx","AA","Ballyhoo",31,"Rigidity"
"Adult mobility",1.8,"filecde0d646af.xlsx","AA","Ballyhoo",32,"Rigidity"
"Spawning characteristics",1.4,"filecde0d646af.xlsx","AA","Ballyhoo",33,"Rigidity"
"Predation and competition dynamics",2.4,"filecde0d646af.xlsx","AA","Ballyhoo",34,"Rigidity"
"Genetic diversity",1.2,"filecde0d646af.xlsx","AA","Ballyhoo",35,"Rigidity"
"Sargassum influx",3.6,"filecde0d646af.xlsx","AA","Dolphinfish",17,"Qualitative Exposure Factors"
"Thermocline depth",3.6,"filecde0d646af.xlsx","AA","Dolphinfish",18,"Qualitative Exposure Factors"
"Habitat specificity",2.2,"filecde0d646af.xlsx","AA","Dolphinfish",21,"Sensitivity"
"Prey specificity",1.2,"filecde0d646af.xlsx","AA","Dolphinfish",22,"Sensitivity"
"Tolerance to ocean acidification",1,"filecde0d646af.xlsx","AA","Dolphinfish",23,"Sensitivity"
"Complexity in reproductive strategy",2.4,"filecde0d646af.xlsx","AA","Dolphinfish",24,"Sensitivity"
"Species range",2.4,"filecde0d646af.xlsx","AA","Dolphinfish",25,"Sensitivity"
"Specificity in early life history requirements",1.4,"filecde0d646af.xlsx","AA","Dolphinfish",26,"Sensitivity"
"Stock size/status",1.4,"filecde0d646af.xlsx","AA","Dolphinfish",27,"Sensitivity"
"Other stressors",1.4,"filecde0d646af.xlsx","AA","Dolphinfish",28,"Sensitivity"
"Population growth rate",1,"filecde0d646af.xlsx","AA","Dolphinfish",30,"Rigidity"
"Mobility and dispersal or early life stages",1.6,"filecde0d646af.xlsx","AA","Dolphinfish",31,"Rigidity"
"Adult mobility",1.2,"filecde0d646af.xlsx","AA","Dolphinfish",32,"Rigidity"
"Spawning characteristics",1.2,"filecde0d646af.xlsx","AA","Dolphinfish",33,"Rigidity"
"Predation and competition dynamics",1.8,"filecde0d646af.xlsx","AA","Dolphinfish",34,"Rigidity"
"Genetic diversity",1,"filecde0d646af.xlsx","AA","Dolphinfish",35,"Rigidity"
"Sargassum influx",2.6,"filecde0d646af.xlsx","AA","Lane snapper",17,"Qualitative Exposure Factors"
"Habitat specificity",1.4,"filecde0d646af.xlsx","AA","Lane snapper",21,"Sensitivity"
"Prey specificity",1.4,"filecde0d646af.xlsx","AA","Lane snapper",22,"Sensitivity"
"Tolerance to ocean acidification",2.6,"filecde0d646af.xlsx","AA","Lane snapper",23,"Sensitivity"
"Complexity in reproductive strategy",2.4,"filecde0d646af.xlsx","AA","Lane snapper",24,"Sensitivity"
"Species range",1.8,"filecde0d646af.xlsx","AA","Lane snapper",25,"Sensitivity"
"Specificity in early life history requirements",3,"filecde0d646af.xlsx","AA","Lane snapper",26,"Sensitivity"
"Stock size/status",2.4,"filecde0d646af.xlsx","AA","Lane snapper",27,"Sensitivity"
"Other stressors",2.6,"filecde0d646af.xlsx","AA","Lane snapper",28,"Sensitivity"
"Population growth rate",2.6,"filecde0d646af.xlsx","AA","Lane snapper",30,"Rigidity"
"Mobility and dispersal or early life stages",1.4,"filecde0d646af.xlsx","AA","Lane snapper",31,"Rigidity"
"Adult mobility",2.2,"filecde0d646af.xlsx","AA","Lane snapper",32,"Rigidity"
"Spawning characteristics",3,"filecde0d646af.xlsx","AA","Lane snapper",33,"Rigidity"
"Predation and competition dynamics",2.4,"filecde0d646af.xlsx","AA","Lane snapper",34,"Rigidity"
"Genetic diversity",2.6,"filecde0d646af.xlsx","AA","Lane snapper",35,"Rigidity"
"Sargassum influx",1,"filecde0d646af.xlsx","AA","Misty grouper",17,"Qualitative Exposure Factors"
"Habitat specificity",3.6,"filecde0d646af.xlsx","AA","Misty grouper",21,"Sensitivity"
"Prey specificity",2.2,"filecde0d646af.xlsx","AA","Misty grouper",22,"Sensitivity"
"Tolerance to ocean acidification",2.2,"filecde0d646af.xlsx","AA","Misty grouper",23,"Sensitivity"
"Complexity in reproductive strategy",4,"filecde0d646af.xlsx","AA","Misty grouper",24,"Sensitivity"
"Species range",2.8,"filecde0d646af.xlsx","AA","Misty grouper",25,"Sensitivity"
"Specificity in early life history requirements",3.4,"filecde0d646af.xlsx","AA","Misty grouper",26,"Sensitivity"
"Stock size/status",3.8,"filecde0d646af.xlsx","AA","Misty grouper",27,"Sensitivity"
"Other stressors",2.6,"filecde0d646af.xlsx","AA","Misty grouper",28,"Sensitivity"
"Population growth rate",3.8,"filecde0d646af.xlsx","AA","Misty grouper",30,"Rigidity"
"Mobility and dispersal or early life stages",3,"filecde0d646af.xlsx","AA","Misty grouper",31,"Rigidity"
"Adult mobility",3.2,"filecde0d646af.xlsx","AA","Misty grouper",32,"Rigidity"
"Spawning characteristics",3.6,"filecde0d646af.xlsx","AA","Misty grouper",33,"Rigidity"
"Predation and competition dynamics",2.6,"filecde0d646af.xlsx","AA","Misty grouper",34,"Rigidity"
"Genetic diversity",3.6,"filecde0d646af.xlsx","AA","Misty grouper",35,"Rigidity"
"Sargassum influx",3,"filecde0d646af.xlsx","AA","Yellowtail snapper",17,"Qualitative Exposure Factors"
"Habitat specificity",2.6,"filecde0d646af.xlsx","AA","Yellowtail snapper",21,"Sensitivity"
"Prey specificity",1.4,"filecde0d646af.xlsx","AA","Yellowtail snapper",22,"Sensitivity"
"Tolerance to ocean acidification",2.4,"filecde0d646af.xlsx","AA","Yellowtail snapper",23,"Sensitivity"
"Complexity in reproductive strategy",2.4,"filecde0d646af.xlsx","AA","Yellowtail snapper",24,"Sensitivity"
"Species range",1.6,"filecde0d646af.xlsx","AA","Yellowtail snapper",25,"Sensitivity"
"Specificity in early life history requirements",2.2,"filecde0d646af.xlsx","AA","Yellowtail snapper",26,"Sensitivity"
"Stock size/status",2,"filecde0d646af.xlsx","AA","Yellowtail snapper",27,"Sensitivity"
"Other stressors",2.4,"filecde0d646af.xlsx","AA","Yellowtail snapper",28,"Sensitivity"
"Population growth rate",2.4,"filecde0d646af.xlsx","AA","Yellowtail snapper",30,"Rigidity"
"Mobility and dispersal or early life stages",1.4,"filecde0d646af.xlsx","AA","Yellowtail snapper",31,"Rigidity"
"Adult mobility",1.6,"filecde0d646af.xlsx","AA","Yellowtail snapper",32,"Rigidity"
"Spawning characteristics",2.4,"filecde0d646af.xlsx","AA","Yellowtail snapper",33,"Rigidity"
"Predation and competition dynamics",1.4,"filecde0d646af.xlsx","AA","Yellowtail snapper",34,"Rigidity"
"Genetic diversity",1.6,"filecde0d646af.xlsx","AA","Yellowtail snapper",35,"Rigidity"
"Sargassum influx",2.6,"filecde03ac62e35.xlsx","AK","Gray angelfish",17,"Qualitative Exposure Factors"
"Thermocline depth",2.6,"filecde03ac62e35.xlsx","AK","Gray angelfish",18,"Qualitative Exposure Factors"
"Habitat specificity",2.4,"filecde03ac62e35.xlsx","AK","Gray angelfish",21,"Sensitivity"
"Prey specificity",1,"filecde03ac62e35.xlsx","AK","Gray angelfish",22,"Sensitivity"
"Tolerance to ocean acidification",1.4,"filecde03ac62e35.xlsx","AK","Gray angelfish",23,"Sensitivity"
"Complexity in reproductive strategy",1,"filecde03ac62e35.xlsx","AK","Gray angelfish",24,"Sensitivity"
"Species range",2.4,"filecde03ac62e35.xlsx","AK","Gray angelfish",25,"Sensitivity"
"Specificity in early life history requirements",2,"filecde03ac62e35.xlsx","AK","Gray angelfish",26,"Sensitivity"
"Stock size/status",1.2,"filecde03ac62e35.xlsx","AK","Gray angelfish",27,"Sensitivity"
"Other stressors",2,"filecde03ac62e35.xlsx","AK","Gray angelfish",28,"Sensitivity"
"Population growth rate",2,"filecde03ac62e35.xlsx","AK","Gray angelfish",30,"Rigidity"
"Mobility and dispersal or early life stages",1.2,"filecde03ac62e35.xlsx","AK","Gray angelfish",31,"Rigidity"
"Adult mobility",2.4,"filecde03ac62e35.xlsx","AK","Gray angelfish",32,"Rigidity"
"Spawning characteristics",3,"filecde03ac62e35.xlsx","AK","Gray angelfish",33,"Rigidity"
"Predation and competition dynamics",1.2,"filecde03ac62e35.xlsx","AK","Gray angelfish",34,"Rigidity"
"Genetic diversity",2,"filecde03ac62e35.xlsx","AK","Gray angelfish",35,"Rigidity"
"Sargassum influx",3.4,"filecde03ac62e35.xlsx","AK","Hogfish",17,"Qualitative Exposure Factors"
"Thermocline depth",1.2,"filecde03ac62e35.xlsx","AK","Hogfish",18,"Qualitative Exposure Factors"
"Habitat specificity",1.8,"filecde03ac62e35.xlsx","AK","Hogfish",21,"Sensitivity"
"Prey specificity",2,"filecde03ac62e35.xlsx","AK","Hogfish",22,"Sensitivity"
"Tolerance to ocean acidification",2,"filecde03ac62e35.xlsx","AK","Hogfish",23,"Sensitivity"
"Complexity in reproductive strategy",1,"filecde03ac62e35.xlsx","AK","Hogfish",24,"Sensitivity"
"Species range",1,"filecde03ac62e35.xlsx","AK","Hogfish",25,"Sensitivity"
"Specificity in early life history requirements",2,"filecde03ac62e35.xlsx","AK","Hogfish",26,"Sensitivity"
"Stock size/status",1.2,"filecde03ac62e35.xlsx","AK","Hogfish",27,"Sensitivity"
"Other stressors",1,"filecde03ac62e35.xlsx","AK","Hogfish",28,"Sensitivity"
"Population growth rate",2.8,"filecde03ac62e35.xlsx","AK","Hogfish",30,"Rigidity"
"Mobility and dispersal or early life stages",2,"filecde03ac62e35.xlsx","AK","Hogfish",31,"Rigidity"
"Adult mobility",2.4,"filecde03ac62e35.xlsx","AK","Hogfish",32,"Rigidity"
"Spawning characteristics",2.2,"filecde03ac62e35.xlsx","AK","Hogfish",33,"Rigidity"
"Predation and competition dynamics",1.8,"filecde03ac62e35.xlsx","AK","Hogfish",34,"Rigidity"
"Genetic diversity",4,"filecde03ac62e35.xlsx","AK","Hogfish",35,"Rigidity"
"Sargassum influx",2,"filecde03ac62e35.xlsx","AK","Queen conch",17,"Qualitative Exposure Factors"
"Habitat specificity",1.2,"filecde03ac62e35.xlsx","AK","Queen conch",21,"Sensitivity"
"Prey specificity",1,"filecde03ac62e35.xlsx","AK","Queen conch",22,"Sensitivity"
"Tolerance to ocean acidification",4,"filecde03ac62e35.xlsx","AK","Queen conch",23,"Sensitivity"
"Complexity in reproductive strategy",3.6,"filecde03ac62e35.xlsx","AK","Queen conch",24,"Sensitivity"
"Species range",1,"filecde03ac62e35.xlsx","AK","Queen conch",25,"Sensitivity"
"Specificity in early life history requirements",1,"filecde03ac62e35.xlsx","AK","Queen conch",26,"Sensitivity"
"Stock size/status",1.6,"filecde03ac62e35.xlsx","AK","Queen conch",27,"Sensitivity"
"Other stressors",1.2,"filecde03ac62e35.xlsx","AK","Queen conch",28,"Sensitivity"
"Population growth rate",1.8,"filecde03ac62e35.xlsx","AK","Queen conch",30,"Rigidity"
"Mobility and dispersal or early life stages",1.6,"filecde03ac62e35.xlsx","AK","Queen conch",31,"Rigidity"
"Adult mobility",2.8,"filecde03ac62e35.xlsx","AK","Queen conch",32,"Rigidity"
"Spawning characteristics",1.4,"filecde03ac62e35.xlsx","AK","Queen conch",33,"Rigidity"
"Predation and competition dynamics",1,"filecde03ac62e35.xlsx","AK","Queen conch",34,"Rigidity"
"Genetic diversity",1,"filecde03ac62e35.xlsx","AK","Queen conch",35,"Rigidity"
"Habitat specificity",1.2,"filecde03ac62e35.xlsx","AK","Silk snapper",21,"Sensitivity"
"Prey specificity",1.2,"filecde03ac62e35.xlsx","AK","Silk snapper",22,"Sensitivity"
"Tolerance to ocean acidification",1.6,"filecde03ac62e35.xlsx","AK","Silk snapper",23,"Sensitivity"
"Complexity in reproductive strategy",1.2,"filecde03ac62e35.xlsx","AK","Silk snapper",24,"Sensitivity"
"Species range",1,"filecde03ac62e35.xlsx","AK","Silk snapper",25,"Sensitivity"
"Specificity in early life history requirements",1.4,"filecde03ac62e35.xlsx","AK","Silk snapper",26,"Sensitivity"
"Stock size/status",2.8,"filecde03ac62e35.xlsx","AK","Silk snapper",27,"Sensitivity"
"Other stressors",1.2,"filecde03ac62e35.xlsx","AK","Silk snapper",28,"Sensitivity"
"Population growth rate",2.6,"filecde03ac62e35.xlsx","AK","Silk snapper",30,"Rigidity"
"Mobility and dispersal or early life stages",1.4,"filecde03ac62e35.xlsx","AK","Silk snapper",31,"Rigidity"
"Adult mobility",1.2,"filecde03ac62e35.xlsx","AK","Silk snapper",32,"Rigidity"
"Spawning characteristics",1.8,"filecde03ac62e35.xlsx","AK","Silk snapper",33,"Rigidity"
"Predation and competition dynamics",2.2,"filecde03ac62e35.xlsx","AK","Silk snapper",34,"Rigidity"
"Genetic diversity",3,"filecde03ac62e35.xlsx","AK","Silk snapper",35,"Rigidity"
"Sargassum influx",2.6,"filecde03ac62e35.xlsx","AK","Spiny lobster",17,"Qualitative Exposure Factors"
"Habitat specificity",1.2,"filecde03ac62e35.xlsx","AK","Spiny lobster",21,"Sensitivity"
"Prey specificity",1,"filecde03ac62e35.xlsx","AK","Spiny lobster",22,"Sensitivity"
"Tolerance to ocean acidification",2,"filecde03ac62e35.xlsx","AK","Spiny lobster",23,"Sensitivity"
"Complexity in reproductive strategy",1.6,"filecde03ac62e35.xlsx","AK","Spiny lobster",24,"Sensitivity"
"Species range",1,"filecde03ac62e35.xlsx","AK","Spiny lobster",25,"Sensitivity"
"Specificity in early life history requirements",1.4,"filecde03ac62e35.xlsx","AK","Spiny lobster",26,"Sensitivity"
"Stock size/status",1.2,"filecde03ac62e35.xlsx","AK","Spiny lobster",27,"Sensitivity"
"Other stressors",2,"filecde03ac62e35.xlsx","AK","Spiny lobster",28,"Sensitivity"
"Population growth rate",1.6,"filecde03ac62e35.xlsx","AK","Spiny lobster",30,"Rigidity"
"Mobility and dispersal or early life stages",1,"filecde03ac62e35.xlsx","AK","Spiny lobster",31,"Rigidity"
"Adult mobility",1.4,"filecde03ac62e35.xlsx","AK","Spiny lobster",32,"Rigidity"
"Spawning characteristics",1.4,"filecde03ac62e35.xlsx","AK","Spiny lobster",33,"Rigidity"
"Predation and competition dynamics",1.8,"filecde03ac62e35.xlsx","AK","Spiny lobster",34,"Rigidity"
"Genetic diversity",3,"filecde03ac62e35.xlsx","AK","Spiny lobster",35,"Rigidity"
"Sargassum influx",3.2,"filecde03ae11734.xlsx","BG","Atlantic thread herring",17,"Qualitative Exposure Factors"
"Habitat specificity",1.2,"filecde03ae11734.xlsx","BG","Atlantic thread herring",21,"Sensitivity"
"Prey specificity",2.4,"filecde03ae11734.xlsx","BG","Atlantic thread herring",22,"Sensitivity"
"Tolerance to ocean acidification",1,"filecde03ae11734.xlsx","BG","Atlantic thread herring",23,"Sensitivity"
"Complexity in reproductive strategy",1.2,"filecde03ae11734.xlsx","BG","Atlantic thread herring",24,"Sensitivity"
"Species range",3,"filecde03ae11734.xlsx","BG","Atlantic thread herring",25,"Sensitivity"
"Specificity in early life history requirements",1,"filecde03ae11734.xlsx","BG","Atlantic thread herring",26,"Sensitivity"
"Stock size/status",1,"filecde03ae11734.xlsx","BG","Atlantic thread herring",27,"Sensitivity"
"Other stressors",2.6,"filecde03ae11734.xlsx","BG","Atlantic thread herring",28,"Sensitivity"
"Population growth rate",1,"filecde03ae11734.xlsx","BG","Atlantic thread herring",30,"Rigidity"
"Mobility and dispersal or early life stages",2.2,"filecde03ae11734.xlsx","BG","Atlantic thread herring",31,"Rigidity"
"Adult mobility",1.8,"filecde03ae11734.xlsx","BG","Atlantic thread herring",32,"Rigidity"
"Spawning characteristics",2.4,"filecde03ae11734.xlsx","BG","Atlantic thread herring",33,"Rigidity"
"Predation and competition dynamics",2.2,"filecde03ae11734.xlsx","BG","Atlantic thread herring",34,"Rigidity"
"Genetic diversity",1.2,"filecde03ae11734.xlsx","BG","Atlantic thread herring",35,"Rigidity"
"Sargassum influx",2.6,"filecde03ae11734.xlsx","BG","Ballyhoo",17,"Qualitative Exposure Factors"
"Habitat specificity",1,"filecde03ae11734.xlsx","BG","Ballyhoo",21,"Sensitivity"
"Prey specificity",1.4,"filecde03ae11734.xlsx","BG","Ballyhoo",22,"Sensitivity"
"Tolerance to ocean acidification",1,"filecde03ae11734.xlsx","BG","Ballyhoo",23,"Sensitivity"
"Complexity in reproductive strategy",2,"filecde03ae11734.xlsx","BG","Ballyhoo",24,"Sensitivity"
"Species range",2,"filecde03ae11734.xlsx","BG","Ballyhoo",25,"Sensitivity"
"Specificity in early life history requirements",2.2,"filecde03ae11734.xlsx","BG","Ballyhoo",26,"Sensitivity"
"Stock size/status",2.2,"filecde03ae11734.xlsx","BG","Ballyhoo",27,"Sensitivity"
"Other stressors",1.6,"filecde03ae11734.xlsx","BG","Ballyhoo",28,"Sensitivity"
"Population growth rate",1,"filecde03ae11734.xlsx","BG","Ballyhoo",30,"Rigidity"
"Mobility and dispersal or early life stages",1.2,"filecde03ae11734.xlsx","BG","Ballyhoo",31,"Rigidity"
"Adult mobility",1.8,"filecde03ae11734.xlsx","BG","Ballyhoo",32,"Rigidity"
"Spawning characteristics",3,"filecde03ae11734.xlsx","BG","Ballyhoo",33,"Rigidity"
"Predation and competition dynamics",2,"filecde03ae11734.xlsx","BG","Ballyhoo",34,"Rigidity"
"Genetic diversity",1,"filecde03ae11734.xlsx","BG","Ballyhoo",35,"Rigidity"
"Sargassum influx",1.8,"filecde03ae11734.xlsx","BG","Blue runner",17,"Qualitative Exposure Factors"
"Thermocline depth",2.4,"filecde03ae11734.xlsx","BG","Blue runner",18,"Qualitative Exposure Factors"
"Habitat specificity",1,"filecde03ae11734.xlsx","BG","Blue runner",21,"Sensitivity"
"Prey specificity",1.6,"filecde03ae11734.xlsx","BG","Blue runner",22,"Sensitivity"
"Tolerance to ocean acidification",1.2,"filecde03ae11734.xlsx","BG","Blue runner",23,"Sensitivity"
"Complexity in reproductive strategy",1,"filecde03ae11734.xlsx","BG","Blue runner",24,"Sensitivity"
"Species range",1,"filecde03ae11734.xlsx","BG","Blue runner",25,"Sensitivity"
"Specificity in early life history requirements",2.6,"filecde03ae11734.xlsx","BG","Blue runner",26,"Sensitivity"
"Stock size/status",1,"filecde03ae11734.xlsx","BG","Blue runner",27,"Sensitivity"
"Other stressors",1.2,"filecde03ae11734.xlsx","BG","Blue runner",28,"Sensitivity"
"Population growth rate",2,"filecde03ae11734.xlsx","BG","Blue runner",30,"Rigidity"
"Mobility and dispersal or early life stages",1,"filecde03ae11734.xlsx","BG","Blue runner",31,"Rigidity"
"Adult mobility",1,"filecde03ae11734.xlsx","BG","Blue runner",32,"Rigidity"
"Spawning characteristics",1.2,"filecde03ae11734.xlsx","BG","Blue runner",33,"Rigidity"
"Predation and competition dynamics",1.6,"filecde03ae11734.xlsx","BG","Blue runner",34,"Rigidity"
"Genetic diversity",1,"filecde03ae11734.xlsx","BG","Blue runner",35,"Rigidity"
"Sargassum influx",2,"filecde03ae11734.xlsx","BG","King mackerel",17,"Qualitative Exposure Factors"
"Thermocline depth",2,"filecde03ae11734.xlsx","BG","King mackerel",18,"Qualitative Exposure Factors"
"Habitat specificity",1,"filecde03ae11734.xlsx","BG","King mackerel",21,"Sensitivity"
"Prey specificity",1.4,"filecde03ae11734.xlsx","BG","King mackerel",22,"Sensitivity"
"Tolerance to ocean acidification",1.8,"filecde03ae11734.xlsx","BG","King mackerel",23,"Sensitivity"
"Complexity in reproductive strategy",1,"filecde03ae11734.xlsx","BG","King mackerel",24,"Sensitivity"
"Species range",3.6,"filecde03ae11734.xlsx","BG","King mackerel",25,"Sensitivity"
"Specificity in early life history requirements",3,"filecde03ae11734.xlsx","BG","King mackerel",26,"Sensitivity"
"Stock size/status",1.8,"filecde03ae11734.xlsx","BG","King mackerel",27,"Sensitivity"
"Other stressors",1.2,"filecde03ae11734.xlsx","BG","King mackerel",28,"Sensitivity"
"Population growth rate",1.8,"filecde03ae11734.xlsx","BG","King mackerel",30,"Rigidity"
"Mobility and dispersal or early life stages",2.8,"filecde03ae11734.xlsx","BG","King mackerel",31,"Rigidity"
"Adult mobility",1.4,"filecde03ae11734.xlsx","BG","King mackerel",32,"Rigidity"
"Spawning characteristics",2,"filecde03ae11734.xlsx","BG","King mackerel",33,"Rigidity"
"Predation and competition dynamics",1.4,"filecde03ae11734.xlsx","BG","King mackerel",34,"Rigidity"
"Genetic diversity",1.2,"filecde03ae11734.xlsx","BG","King mackerel",35,"Rigidity"
"Sargassum influx",3.4,"filecde03ae11734.xlsx","BG","Queen conch",17,"Qualitative Exposure Factors"
"Habitat specificity",2,"filecde03ae11734.xlsx","BG","Queen conch",21,"Sensitivity"
"Prey specificity",1.6,"filecde03ae11734.xlsx","BG","Queen conch",22,"Sensitivity"
"Tolerance to ocean acidification",4,"filecde03ae11734.xlsx","BG","Queen conch",23,"Sensitivity"
"Complexity in reproductive strategy",4,"filecde03ae11734.xlsx","BG","Queen conch",24,"Sensitivity"
"Species range",1,"filecde03ae11734.xlsx","BG","Queen conch",25,"Sensitivity"
"Specificity in early life history requirements",3,"filecde03ae11734.xlsx","BG","Queen conch",26,"Sensitivity"
"Stock size/status",1.6,"filecde03ae11734.xlsx","BG","Queen conch",27,"Sensitivity"
"Other stressors",1.2,"filecde03ae11734.xlsx","BG","Queen conch",28,"Sensitivity"
"Population growth rate",1,"filecde03ae11734.xlsx","BG","Queen conch",30,"Rigidity"
"Mobility and dispersal or early life stages",1,"filecde03ae11734.xlsx","BG","Queen conch",31,"Rigidity"
"Adult mobility",1,"filecde03ae11734.xlsx","BG","Queen conch",32,"Rigidity"
"Spawning characteristics",1.2,"filecde03ae11734.xlsx","BG","Queen conch",33,"Rigidity"
"Predation and competition dynamics",1,"filecde03ae11734.xlsx","BG","Queen conch",34,"Rigidity"
"Genetic diversity",1,"filecde03ae11734.xlsx","BG","Queen conch",35,"Rigidity"
"Sargassum influx",4,"filecde03ae11734.xlsx","BG","Spiny lobster",17,"Qualitative Exposure Factors"
"Habitat specificity",2.2,"filecde03ae11734.xlsx","BG","Spiny lobster",21,"Sensitivity"
"Prey specificity",1,"filecde03ae11734.xlsx","BG","Spiny lobster",22,"Sensitivity"
"Tolerance to ocean acidification",2.4,"filecde03ae11734.xlsx","BG","Spiny lobster",23,"Sensitivity"
"Complexity in reproductive strategy",2.2,"filecde03ae11734.xlsx","BG","Spiny lobster",24,"Sensitivity"
"Species range",2,"filecde03ae11734.xlsx","BG","Spiny lobster",25,"Sensitivity"
"Specificity in early life history requirements",1.4,"filecde03ae11734.xlsx","BG","Spiny lobster",26,"Sensitivity"
"Stock size/status",1.4,"filecde03ae11734.xlsx","BG","Spiny lobster",27,"Sensitivity"
"Other stressors",1,"filecde03ae11734.xlsx","BG","Spiny lobster",28,"Sensitivity"
"Population growth rate",1.4,"filecde03ae11734.xlsx","BG","Spiny lobster",30,"Rigidity"
"Mobility and dispersal or early life stages",1.2,"filecde03ae11734.xlsx","BG","Spiny lobster",31,"Rigidity"
"Adult mobility",1,"filecde03ae11734.xlsx","BG","Spiny lobster",32,"Rigidity"
"Spawning characteristics",1,"filecde03ae11734.xlsx","BG","Spiny lobster",33,"Rigidity"
"Predation and competition dynamics",1,"filecde03ae11734.xlsx","BG","Spiny lobster",34,"Rigidity"
"Genetic diversity",1,"filecde03ae11734.xlsx","BG","Spiny lobster",35,"Rigidity"
"Sargassum influx",3.6,"filecde01970469f.xlsx","CZ","Nassau grouper",17,"Qualitative Exposure Factors"
"Thermocline depth",2.6,"filecde01970469f.xlsx","CZ","Nassau grouper",18,"Qualitative Exposure Factors"
"Habitat specificity",2.8,"filecde01970469f.xlsx","CZ","Nassau grouper",21,"Sensitivity"
"Prey specificity",1.4,"filecde01970469f.xlsx","CZ","Nassau grouper",22,"Sensitivity"
"Tolerance to ocean acidification",1.4,"filecde01970469f.xlsx","CZ","Nassau grouper",23,"Sensitivity"
"Complexity in reproductive strategy",3.8,"filecde01970469f.xlsx","CZ","Nassau grouper",24,"Sensitivity"
"Species range",2.6,"filecde01970469f.xlsx","CZ","Nassau grouper",25,"Sensitivity"
"Specificity in early life history requirements",2.6,"filecde01970469f.xlsx","CZ","Nassau grouper",26,"Sensitivity"
"Stock size/status",3.2,"filecde01970469f.xlsx","CZ","Nassau grouper",27,"Sensitivity"
"Other stressors",2,"filecde01970469f.xlsx","CZ","Nassau grouper",28,"Sensitivity"
"Population growth rate",3.2,"filecde01970469f.xlsx","CZ","Nassau grouper",30,"Rigidity"
"Mobility and dispersal or early life stages",2.4,"filecde01970469f.xlsx","CZ","Nassau grouper",31,"Rigidity"
"Adult mobility",1.6,"filecde01970469f.xlsx","CZ","Nassau grouper",32,"Rigidity"
"Spawning characteristics",3.2,"filecde01970469f.xlsx","CZ","Nassau grouper",33,"Rigidity"
"Predation and competition dynamics",1.6,"filecde01970469f.xlsx","CZ","Nassau grouper",34,"Rigidity"
"Genetic diversity",1.6,"filecde01970469f.xlsx","CZ","Nassau grouper",35,"Rigidity"
"Sargassum influx",3.2,"filecde01970469f.xlsx","CZ","Queen triggerfish",17,"Qualitative Exposure Factors"
"Thermocline depth",2.6,"filecde01970469f.xlsx","CZ","Queen triggerfish",18,"Qualitative Exposure Factors"
"Habitat specificity",2,"filecde01970469f.xlsx","CZ","Queen triggerfish",21,"Sensitivity"
"Prey specificity",1.4,"filecde01970469f.xlsx","CZ","Queen triggerfish",22,"Sensitivity"
"Tolerance to ocean acidification",1.4,"filecde01970469f.xlsx","CZ","Queen triggerfish",23,"Sensitivity"
"Complexity in reproductive strategy",1.6,"filecde01970469f.xlsx","CZ","Queen triggerfish",24,"Sensitivity"
"Species range",2,"filecde01970469f.xlsx","CZ","Queen triggerfish",25,"Sensitivity"
"Specificity in early life history requirements",2.2,"filecde01970469f.xlsx","CZ","Queen triggerfish",26,"Sensitivity"
"Stock size/status",2.2,"filecde01970469f.xlsx","CZ","Queen triggerfish",27,"Sensitivity"
"Other stressors",2.2,"filecde01970469f.xlsx","CZ","Queen triggerfish",28,"Sensitivity"
"Population growth rate",2.2,"filecde01970469f.xlsx","CZ","Queen triggerfish",30,"Rigidity"
"Mobility and dispersal or early life stages",2.2,"filecde01970469f.xlsx","CZ","Queen triggerfish",31,"Rigidity"
"Adult mobility",1.8,"filecde01970469f.xlsx","CZ","Queen triggerfish",32,"Rigidity"
"Spawning characteristics",1.8,"filecde01970469f.xlsx","CZ","Queen triggerfish",33,"Rigidity"
"Predation and competition dynamics",2,"filecde01970469f.xlsx","CZ","Queen triggerfish",34,"Rigidity"
"Genetic diversity",2,"filecde01970469f.xlsx","CZ","Queen triggerfish",35,"Rigidity"
"Sargassum influx",3.4,"filecde01970469f.xlsx","CZ","Rainbow parrotfish",17,"Qualitative Exposure Factors"
"Thermocline depth",2.6,"filecde01970469f.xlsx","CZ","Rainbow parrotfish",18,"Qualitative Exposure Factors"
"Habitat specificity",3.4,"filecde01970469f.xlsx","CZ","Rainbow parrotfish",21,"Sensitivity"
"Prey specificity",3.6,"filecde01970469f.xlsx","CZ","Rainbow parrotfish",22,"Sensitivity"
"Tolerance to ocean acidification",3.6,"filecde01970469f.xlsx","CZ","Rainbow parrotfish",23,"Sensitivity"
"Complexity in reproductive strategy",3.6,"filecde01970469f.xlsx","CZ","Rainbow parrotfish",24,"Sensitivity"
"Species range",2,"filecde01970469f.xlsx","CZ","Rainbow parrotfish",25,"Sensitivity"
"Specificity in early life history requirements",2.2,"filecde01970469f.xlsx","CZ","Rainbow parrotfish",26,"Sensitivity"
"Stock size/status",3,"filecde01970469f.xlsx","CZ","Rainbow parrotfish",27,"Sensitivity"
"Other stressors",3,"filecde01970469f.xlsx","CZ","Rainbow parrotfish",28,"Sensitivity"
"Population growth rate",3.4,"filecde01970469f.xlsx","CZ","Rainbow parrotfish",30,"Rigidity"
"Mobility and dispersal or early life stages",3.2,"filecde01970469f.xlsx","CZ","Rainbow parrotfish",31,"Rigidity"
"Adult mobility",2.8,"filecde01970469f.xlsx","CZ","Rainbow parrotfish",32,"Rigidity"
"Spawning characteristics",2,"filecde01970469f.xlsx","CZ","Rainbow parrotfish",33,"Rigidity"
"Predation and competition dynamics",3.2,"filecde01970469f.xlsx","CZ","Rainbow parrotfish",34,"Rigidity"
"Genetic diversity",2.6,"filecde01970469f.xlsx","CZ","Rainbow parrotfish",35,"Rigidity"
"Sargassum influx",3.6,"filecde01970469f.xlsx","CZ","Red hind",17,"Qualitative Exposure Factors"
"Thermocline depth",2.6,"filecde01970469f.xlsx","CZ","Red hind",18,"Qualitative Exposure Factors"
"Habitat specificity",2,"filecde01970469f.xlsx","CZ","Red hind",21,"Sensitivity"
"Prey specificity",1.4,"filecde01970469f.xlsx","CZ","Red hind",22,"Sensitivity"
"Tolerance to ocean acidification",1.4,"filecde01970469f.xlsx","CZ","Red hind",23,"Sensitivity"
"Complexity in reproductive strategy",3.8,"filecde01970469f.xlsx","CZ","Red hind",24,"Sensitivity"
"Species range",1.6,"filecde01970469f.xlsx","CZ","Red hind",25,"Sensitivity"
"Specificity in early life history requirements",2.6,"filecde01970469f.xlsx","CZ","Red hind",26,"Sensitivity"
"Stock size/status",3.2,"filecde01970469f.xlsx","CZ","Red hind",27,"Sensitivity"
"Other stressors",2,"filecde01970469f.xlsx","CZ","Red hind",28,"Sensitivity"
"Population growth rate",3.2,"filecde01970469f.xlsx","CZ","Red hind",30,"Rigidity"
"Mobility and dispersal or early life stages",2.8,"filecde01970469f.xlsx","CZ","Red hind",31,"Rigidity"
"Adult mobility",1.6,"filecde01970469f.xlsx","CZ","Red hind",32,"Rigidity"
"Spawning characteristics",3.2,"filecde01970469f.xlsx","CZ","Red hind",33,"Rigidity"
"Predation and competition dynamics",2.4,"filecde01970469f.xlsx","CZ","Red hind",34,"Rigidity"
"Genetic diversity",1.6,"filecde01970469f.xlsx","CZ","Red hind",35,"Rigidity"
"Sargassum influx",3.2,"filecde01970469f.xlsx","CZ","Stoplight parrotfish",17,"Qualitative Exposure Factors"
"Thermocline depth",2.6,"filecde01970469f.xlsx","CZ","Stoplight parrotfish",18,"Qualitative Exposure Factors"
"Habitat specificity",3.4,"filecde01970469f.xlsx","CZ","Stoplight parrotfish",21,"Sensitivity"
"Prey specificity",3.6,"filecde01970469f.xlsx","CZ","Stoplight parrotfish",22,"Sensitivity"
"Tolerance to ocean acidification",3.6,"filecde01970469f.xlsx","CZ","Stoplight parrotfish",23,"Sensitivity"
"Complexity in reproductive strategy",2.4,"filecde01970469f.xlsx","CZ","Stoplight parrotfish",24,"Sensitivity"
"Species range",1.8,"filecde01970469f.xlsx","CZ","Stoplight parrotfish",25,"Sensitivity"
"Specificity in early life history requirements",2.2,"filecde01970469f.xlsx","CZ","Stoplight parrotfish",26,"Sensitivity"
"Stock size/status",2,"filecde01970469f.xlsx","CZ","Stoplight parrotfish",27,"Sensitivity"
"Other stressors",2,"filecde01970469f.xlsx","CZ","Stoplight parrotfish",28,"Sensitivity"
"Population growth rate",2,"filecde01970469f.xlsx","CZ","Stoplight parrotfish",30,"Rigidity"
"Mobility and dispersal or early life stages",2.2,"filecde01970469f.xlsx","CZ","Stoplight parrotfish",31,"Rigidity"
"Adult mobility",2,"filecde01970469f.xlsx","CZ","Stoplight parrotfish",32,"Rigidity"
"Spawning characteristics",1.6,"filecde01970469f.xlsx","CZ","Stoplight parrotfish",33,"Rigidity"
"Predation and competition dynamics",2.6,"filecde01970469f.xlsx","CZ","Stoplight parrotfish",34,"Rigidity"
"Genetic diversity",1.8,"filecde01970469f.xlsx","CZ","Stoplight parrotfish",35,"Rigidity"
"Sargassum influx",3.2,"filecde01970469f.xlsx","CZ","Yellowfin grouper",17,"Qualitative Exposure Factors"
"Thermocline depth",3.6,"filecde01970469f.xlsx","CZ","Yellowfin grouper",18,"Qualitative Exposure Factors"
"Habitat specificity",2.2,"filecde01970469f.xlsx","CZ","Yellowfin grouper",21,"Sensitivity"
"Prey specificity",1.4,"filecde01970469f.xlsx","CZ","Yellowfin grouper",22,"Sensitivity"
"Tolerance to ocean acidification",1.4,"filecde01970469f.xlsx","CZ","Yellowfin grouper",23,"Sensitivity"
"Complexity in reproductive strategy",3.8,"filecde01970469f.xlsx","CZ","Yellowfin grouper",24,"Sensitivity"
"Species range",3,"filecde01970469f.xlsx","CZ","Yellowfin grouper",25,"Sensitivity"
"Specificity in early life history requirements",2.6,"filecde01970469f.xlsx","CZ","Yellowfin grouper",26,"Sensitivity"
"Stock size/status",3,"filecde01970469f.xlsx","CZ","Yellowfin grouper",27,"Sensitivity"
"Other stressors",2,"filecde01970469f.xlsx","CZ","Yellowfin grouper",28,"Sensitivity"
"Population growth rate",3.2,"filecde01970469f.xlsx","CZ","Yellowfin grouper",30,"Rigidity"
"Mobility and dispersal or early life stages",3,"filecde01970469f.xlsx","CZ","Yellowfin grouper",31,"Rigidity"
"Adult mobility",2.2,"filecde01970469f.xlsx","CZ","Yellowfin grouper",32,"Rigidity"
"Spawning characteristics",3.2,"filecde01970469f.xlsx","CZ","Yellowfin grouper",33,"Rigidity"
"Predation and competition dynamics",3,"filecde01970469f.xlsx","CZ","Yellowfin grouper",34,"Rigidity"
"Genetic diversity",2,"filecde01970469f.xlsx","CZ","Yellowfin grouper",35,"Rigidity"
"Sargassum influx",2.6,"filecde031dc90c.xlsx","DB","Atlantic thread herring",17,"Qualitative Exposure Factors"
"Habitat specificity",2.8,"filecde031dc90c.xlsx","DB","Atlantic thread herring",21,"Sensitivity"
"Prey specificity",1,"filecde031dc90c.xlsx","DB","Atlantic thread herring",22,"Sensitivity"
"Tolerance to ocean acidification",1.2,"filecde031dc90c.xlsx","DB","Atlantic thread herring",23,"Sensitivity"
"Complexity in reproductive strategy",1.2,"filecde031dc90c.xlsx","DB","Atlantic thread herring",24,"Sensitivity"
"Species range",1,"filecde031dc90c.xlsx","DB","Atlantic thread herring",25,"Sensitivity"
"Specificity in early life history requirements",2.4,"filecde031dc90c.xlsx","DB","Atlantic thread herring",26,"Sensitivity"
"Stock size/status",1.2,"filecde031dc90c.xlsx","DB","Atlantic thread herring",27,"Sensitivity"
"Other stressors",1,"filecde031dc90c.xlsx","DB","Atlantic thread herring",28,"Sensitivity"
"Population growth rate",1,"filecde031dc90c.xlsx","DB","Atlantic thread herring",30,"Rigidity"
"Mobility and dispersal or early life stages",1.2,"filecde031dc90c.xlsx","DB","Atlantic thread herring",31,"Rigidity"
"Adult mobility",1,"filecde031dc90c.xlsx","DB","Atlantic thread herring",32,"Rigidity"
"Spawning characteristics",2,"filecde031dc90c.xlsx","DB","Atlantic thread herring",33,"Rigidity"
"Predation and competition dynamics",1.2,"filecde031dc90c.xlsx","DB","Atlantic thread herring",34,"Rigidity"
"Genetic diversity",1.2,"filecde031dc90c.xlsx","DB","Atlantic thread herring",35,"Rigidity"
"Sargassum influx",2.4,"filecde031dc90c.xlsx","DB","Blue runner",17,"Qualitative Exposure Factors"
"Thermocline depth",1.8,"filecde031dc90c.xlsx","DB","Blue runner",18,"Qualitative Exposure Factors"
"Habitat specificity",1,"filecde031dc90c.xlsx","DB","Blue runner",21,"Sensitivity"
"Prey specificity",1.4,"filecde031dc90c.xlsx","DB","Blue runner",22,"Sensitivity"
"Tolerance to ocean acidification",1.2,"filecde031dc90c.xlsx","DB","Blue runner",23,"Sensitivity"
"Complexity in reproductive strategy",1.4,"filecde031dc90c.xlsx","DB","Blue runner",24,"Sensitivity"
"Species range",1,"filecde031dc90c.xlsx","DB","Blue runner",25,"Sensitivity"
"Specificity in early life history requirements",1,"filecde031dc90c.xlsx","DB","Blue runner",26,"Sensitivity"
"Stock size/status",1.4,"filecde031dc90c.xlsx","DB","Blue runner",27,"Sensitivity"
"Other stressors",1.4,"filecde031dc90c.xlsx","DB","Blue runner",28,"Sensitivity"
"Population growth rate",1.4,"filecde031dc90c.xlsx","DB","Blue runner",30,"Rigidity"
"Mobility and dispersal or early life stages",1.4,"filecde031dc90c.xlsx","DB","Blue runner",31,"Rigidity"
"Adult mobility",1,"filecde031dc90c.xlsx","DB","Blue runner",32,"Rigidity"
"Spawning characteristics",1.2,"filecde031dc90c.xlsx","DB","Blue runner",33,"Rigidity"
"Predation and competition dynamics",2.4,"filecde031dc90c.xlsx","DB","Blue runner",34,"Rigidity"
"Genetic diversity",1,"filecde031dc90c.xlsx","DB","Blue runner",35,"Rigidity"
"Sargassum influx",2.4,"filecde031dc90c.xlsx","DB","Dolphinfish",17,"Qualitative Exposure Factors"
"Thermocline depth",1.8,"filecde031dc90c.xlsx","DB","Dolphinfish",18,"Qualitative Exposure Factors"
"Habitat specificity",1.2,"filecde031dc90c.xlsx","DB","Dolphinfish",21,"Sensitivity"
"Prey specificity",1,"filecde031dc90c.xlsx","DB","Dolphinfish",22,"Sensitivity"
"Tolerance to ocean acidification",1,"filecde031dc90c.xlsx","DB","Dolphinfish",23,"Sensitivity"
"Complexity in reproductive strategy",1,"filecde031dc90c.xlsx","DB","Dolphinfish",24,"Sensitivity"
"Species range",1,"filecde031dc90c.xlsx","DB","Dolphinfish",25,"Sensitivity"
"Specificity in early life history requirements",1.4,"filecde031dc90c.xlsx","DB","Dolphinfish",26,"Sensitivity"
"Stock size/status",1,"filecde031dc90c.xlsx","DB","Dolphinfish",27,"Sensitivity"
"Other stressors",1.4,"filecde031dc90c.xlsx","DB","Dolphinfish",28,"Sensitivity"
"Population growth rate",1,"filecde031dc90c.xlsx","DB","Dolphinfish",30,"Rigidity"
"Mobility and dispersal or early life stages",1.2,"filecde031dc90c.xlsx","DB","Dolphinfish",31,"Rigidity"
"Adult mobility",1,"filecde031dc90c.xlsx","DB","Dolphinfish",32,"Rigidity"
"Spawning characteristics",1,"filecde031dc90c.xlsx","DB","Dolphinfish",33,"Rigidity"
"Predation and competition dynamics",2.4,"filecde031dc90c.xlsx","DB","Dolphinfish",34,"Rigidity"
"Genetic diversity",1,"filecde031dc90c.xlsx","DB","Dolphinfish",35,"Rigidity"
"Sargassum influx",2.2,"filecde031dc90c.xlsx","DB","Long-spined sea urchin",17,"Qualitative Exposure Factors"
"Habitat specificity",1.4,"filecde031dc90c.xlsx","DB","Long-spined sea urchin",21,"Sensitivity"
"Prey specificity",1.4,"filecde031dc90c.xlsx","DB","Long-spined sea urchin",22,"Sensitivity"
"Tolerance to ocean acidification",3,"filecde031dc90c.xlsx","DB","Long-spined sea urchin",23,"Sensitivity"
"Complexity in reproductive strategy",2.8,"filecde031dc90c.xlsx","DB","Long-spined sea urchin",24,"Sensitivity"
"Species range",1.2,"filecde031dc90c.xlsx","DB","Long-spined sea urchin",25,"Sensitivity"
"Specificity in early life history requirements",2.4,"filecde031dc90c.xlsx","DB","Long-spined sea urchin",26,"Sensitivity"
"Stock size/status",1.4,"filecde031dc90c.xlsx","DB","Long-spined sea urchin",27,"Sensitivity"
"Other stressors",1.8,"filecde031dc90c.xlsx","DB","Long-spined sea urchin",28,"Sensitivity"
"Population growth rate",1.4,"filecde031dc90c.xlsx","DB","Long-spined sea urchin",30,"Rigidity"
"Mobility and dispersal or early life stages",1.2,"filecde031dc90c.xlsx","DB","Long-spined sea urchin",31,"Rigidity"
"Adult mobility",2.8,"filecde031dc90c.xlsx","DB","Long-spined sea urchin",32,"Rigidity"
"Spawning characteristics",2,"filecde031dc90c.xlsx","DB","Long-spined sea urchin",33,"Rigidity"
"Predation and competition dynamics",1.6,"filecde031dc90c.xlsx","DB","Long-spined sea urchin",34,"Rigidity"
"Genetic diversity",2.6,"filecde031dc90c.xlsx","DB","Long-spined sea urchin",35,"Rigidity"
"Sargassum influx",1.2,"filecde031dc90c.xlsx","DB","Spiny lobster",17,"Qualitative Exposure Factors"
"Habitat specificity",2.6,"filecde031dc90c.xlsx","DB","Spiny lobster",21,"Sensitivity"
"Prey specificity",1,"filecde031dc90c.xlsx","DB","Spiny lobster",22,"Sensitivity"
"Tolerance to ocean acidification",2.4,"filecde031dc90c.xlsx","DB","Spiny lobster",23,"Sensitivity"
"Complexity in reproductive strategy",1.4,"filecde031dc90c.xlsx","DB","Spiny lobster",24,"Sensitivity"
"Species range",1,"filecde031dc90c.xlsx","DB","Spiny lobster",25,"Sensitivity"
"Specificity in early life history requirements",3.2,"filecde031dc90c.xlsx","DB","Spiny lobster",26,"Sensitivity"
"Stock size/status",1.8,"filecde031dc90c.xlsx","DB","Spiny lobster",27,"Sensitivity"
"Other stressors",2,"filecde031dc90c.xlsx","DB","Spiny lobster",28,"Sensitivity"
"Population growth rate",2,"filecde031dc90c.xlsx","DB","Spiny lobster",30,"Rigidity"
"Mobility and dispersal or early life stages",1,"filecde031dc90c.xlsx","DB","Spiny lobster",31,"Rigidity"
"Adult mobility",2,"filecde031dc90c.xlsx","DB","Spiny lobster",32,"Rigidity"
"Spawning characteristics",1.4,"filecde031dc90c.xlsx","DB","Spiny lobster",33,"Rigidity"
"Predation and competition dynamics",1.4,"filecde031dc90c.xlsx","DB","Spiny lobster",34,"Rigidity"
"Genetic diversity",1.2,"filecde031dc90c.xlsx","DB","Spiny lobster",35,"Rigidity"
"Sargassum influx",2.6,"filecde031dc90c.xlsx","DB","White mullet",17,"Qualitative Exposure Factors"
"Habitat specificity",2.4,"filecde031dc90c.xlsx","DB","White mullet",21,"Sensitivity"
"Prey specificity",1,"filecde031dc90c.xlsx","DB","White mullet",22,"Sensitivity"
"Tolerance to ocean acidification",1,"filecde031dc90c.xlsx","DB","White mullet",23,"Sensitivity"
"Complexity in reproductive strategy",1.8,"filecde031dc90c.xlsx","DB","White mullet",24,"Sensitivity"
"Species range",1,"filecde031dc90c.xlsx","DB","White mullet",25,"Sensitivity"
"Specificity in early life history requirements",1.4,"filecde031dc90c.xlsx","DB","White mullet",26,"Sensitivity"
"Stock size/status",1.2,"filecde031dc90c.xlsx","DB","White mullet",27,"Sensitivity"
"Other stressors",2.4,"filecde031dc90c.xlsx","DB","White mullet",28,"Sensitivity"
"Population growth rate",2.6,"filecde031dc90c.xlsx","DB","White mullet",30,"Rigidity"
"Mobility and dispersal or early life stages",3,"filecde031dc90c.xlsx","DB","White mullet",31,"Rigidity"
"Adult mobility",1.8,"filecde031dc90c.xlsx","DB","White mullet",32,"Rigidity"
"Spawning characteristics",1.2,"filecde031dc90c.xlsx","DB","White mullet",33,"Rigidity"
"Predation and competition dynamics",1.2,"filecde031dc90c.xlsx","DB","White mullet",34,"Rigidity"
"Genetic diversity",1.4,"filecde031dc90c.xlsx","DB","White mullet",35,"Rigidity"
"Sargassum influx",3.4,"filecde070c31871.xlsx","ET","Gray angelfish",17,"Qualitative Exposure Factors"
"Thermocline depth",2,"filecde070c31871.xlsx","ET","Gray angelfish",18,"Qualitative Exposure Factors"
"Habitat specificity",3,"filecde070c31871.xlsx","ET","Gray angelfish",21,"Sensitivity"
"Prey specificity",1.6,"filecde070c31871.xlsx","ET","Gray angelfish",22,"Sensitivity"
"Tolerance to ocean acidification",2.2,"filecde070c31871.xlsx","ET","Gray angelfish",23,"Sensitivity"
"Complexity in reproductive strategy",1,"filecde070c31871.xlsx","ET","Gray angelfish",24,"Sensitivity"
"Species range",1,"filecde070c31871.xlsx","ET","Gray angelfish",25,"Sensitivity"
"Specificity in early life history requirements",2,"filecde070c31871.xlsx","ET","Gray angelfish",26,"Sensitivity"
"Stock size/status",1,"filecde070c31871.xlsx","ET","Gray angelfish",27,"Sensitivity"
"Other stressors",2,"filecde070c31871.xlsx","ET","Gray angelfish",28,"Sensitivity"
"Population growth rate",3,"filecde070c31871.xlsx","ET","Gray angelfish",30,"Rigidity"
"Mobility and dispersal or early life stages",2,"filecde070c31871.xlsx","ET","Gray angelfish",31,"Rigidity"
"Adult mobility",3,"filecde070c31871.xlsx","ET","Gray angelfish",32,"Rigidity"
"Spawning characteristics",2,"filecde070c31871.xlsx","ET","Gray angelfish",33,"Rigidity"
"Predation and competition dynamics",1,"filecde070c31871.xlsx","ET","Gray angelfish",34,"Rigidity"
"Genetic diversity",1.6,"filecde070c31871.xlsx","ET","Gray angelfish",35,"Rigidity"
"Sargassum influx",4,"filecde070c31871.xlsx","ET","Lane snapper",17,"Qualitative Exposure Factors"
"Habitat specificity",2.8,"filecde070c31871.xlsx","ET","Lane snapper",21,"Sensitivity"
"Prey specificity",1.2,"filecde070c31871.xlsx","ET","Lane snapper",22,"Sensitivity"
"Tolerance to ocean acidification",3.4,"filecde070c31871.xlsx","ET","Lane snapper",23,"Sensitivity"
"Complexity in reproductive strategy",2.4,"filecde070c31871.xlsx","ET","Lane snapper",24,"Sensitivity"
"Species range",1,"filecde070c31871.xlsx","ET","Lane snapper",25,"Sensitivity"
"Specificity in early life history requirements",2.4,"filecde070c31871.xlsx","ET","Lane snapper",26,"Sensitivity"
"Stock size/status",2.2,"filecde070c31871.xlsx","ET","Lane snapper",27,"Sensitivity"
"Other stressors",2.4,"filecde070c31871.xlsx","ET","Lane snapper",28,"Sensitivity"
"Population growth rate",2.8,"filecde070c31871.xlsx","ET","Lane snapper",30,"Rigidity"
"Mobility and dispersal or early life stages",2,"filecde070c31871.xlsx","ET","Lane snapper",31,"Rigidity"
"Adult mobility",2,"filecde070c31871.xlsx","ET","Lane snapper",32,"Rigidity"
"Spawning characteristics",1.2,"filecde070c31871.xlsx","ET","Lane snapper",33,"Rigidity"
"Predation and competition dynamics",2.4,"filecde070c31871.xlsx","ET","Lane snapper",34,"Rigidity"
"Genetic diversity",2,"filecde070c31871.xlsx","ET","Lane snapper",35,"Rigidity"
"Sargassum influx",1,"filecde070c31871.xlsx","ET","Misty grouper",17,"Qualitative Exposure Factors"
"Habitat specificity",2.4,"filecde070c31871.xlsx","ET","Misty grouper",21,"Sensitivity"
"Prey specificity",2,"filecde070c31871.xlsx","ET","Misty grouper",22,"Sensitivity"
"Tolerance to ocean acidification",2.4,"filecde070c31871.xlsx","ET","Misty grouper",23,"Sensitivity"
"Complexity in reproductive strategy",2.4,"filecde070c31871.xlsx","ET","Misty grouper",24,"Sensitivity"
"Species range",1,"filecde070c31871.xlsx","ET","Misty grouper",25,"Sensitivity"
"Specificity in early life history requirements",1.8,"filecde070c31871.xlsx","ET","Misty grouper",26,"Sensitivity"
"Stock size/status",2.6,"filecde070c31871.xlsx","ET","Misty grouper",27,"Sensitivity"
"Other stressors",1.4,"filecde070c31871.xlsx","ET","Misty grouper",28,"Sensitivity"
"Population growth rate",3.8,"filecde070c31871.xlsx","ET","Misty grouper",30,"Rigidity"
"Mobility and dispersal or early life stages",2,"filecde070c31871.xlsx","ET","Misty grouper",31,"Rigidity"
"Adult mobility",2,"filecde070c31871.xlsx","ET","Misty grouper",32,"Rigidity"
"Spawning characteristics",3,"filecde070c31871.xlsx","ET","Misty grouper",33,"Rigidity"
"Predation and competition dynamics",2.4,"filecde070c31871.xlsx","ET","Misty grouper",34,"Rigidity"
"Genetic diversity",3,"filecde070c31871.xlsx","ET","Misty grouper",35,"Rigidity"
"Sargassum influx",1.2,"filecde070c31871.xlsx","ET","Queen triggerfish",17,"Qualitative Exposure Factors"
"Thermocline depth",1.4,"filecde070c31871.xlsx","ET","Queen triggerfish",18,"Qualitative Exposure Factors"
"Habitat specificity",2.8,"filecde070c31871.xlsx","ET","Queen triggerfish",21,"Sensitivity"
"Prey specificity",2,"filecde070c31871.xlsx","ET","Queen triggerfish",22,"Sensitivity"
"Tolerance to ocean acidification",3,"filecde070c31871.xlsx","ET","Queen triggerfish",23,"Sensitivity"
"Complexity in reproductive strategy",1.4,"filecde070c31871.xlsx","ET","Queen triggerfish",24,"Sensitivity"
"Species range",1,"filecde070c31871.xlsx","ET","Queen triggerfish",25,"Sensitivity"
"Specificity in early life history requirements",2,"filecde070c31871.xlsx","ET","Queen triggerfish",26,"Sensitivity"
"Stock size/status",1.4,"filecde070c31871.xlsx","ET","Queen triggerfish",27,"Sensitivity"
"Other stressors",2.6,"filecde070c31871.xlsx","ET","Queen triggerfish",28,"Sensitivity"
"Population growth rate",3,"filecde070c31871.xlsx","ET","Queen triggerfish",30,"Rigidity"
"Mobility and dispersal or early life stages",2.2,"filecde070c31871.xlsx","ET","Queen triggerfish",31,"Rigidity"
"Adult mobility",3,"filecde070c31871.xlsx","ET","Queen triggerfish",32,"Rigidity"
"Spawning characteristics",2,"filecde070c31871.xlsx","ET","Queen triggerfish",33,"Rigidity"
"Predation and competition dynamics",1,"filecde070c31871.xlsx","ET","Queen triggerfish",34,"Rigidity"
"Genetic diversity",2.8,"filecde070c31871.xlsx","ET","Queen triggerfish",35,"Rigidity"
"Sargassum influx",4,"filecde070c31871.xlsx","ET","Yellowtail snapper",17,"Qualitative Exposure Factors"
"Habitat specificity",2.6,"filecde070c31871.xlsx","ET","Yellowtail snapper",21,"Sensitivity"
"Prey specificity",1,"filecde070c31871.xlsx","ET","Yellowtail snapper",22,"Sensitivity"
"Tolerance to ocean acidification",2.8,"filecde070c31871.xlsx","ET","Yellowtail snapper",23,"Sensitivity"
"Complexity in reproductive strategy",2,"filecde070c31871.xlsx","ET","Yellowtail snapper",24,"Sensitivity"
"Species range",1,"filecde070c31871.xlsx","ET","Yellowtail snapper",25,"Sensitivity"
"Specificity in early life history requirements",2.4,"filecde070c31871.xlsx","ET","Yellowtail snapper",26,"Sensitivity"
"Stock size/status",1,"filecde070c31871.xlsx","ET","Yellowtail snapper",27,"Sensitivity"
"Other stressors",1.4,"filecde070c31871.xlsx","ET","Yellowtail snapper",28,"Sensitivity"
"Population growth rate",2.4,"filecde070c31871.xlsx","ET","Yellowtail snapper",30,"Rigidity"
"Mobility and dispersal or early life stages",2,"filecde070c31871.xlsx","ET","Yellowtail snapper",31,"Rigidity"
"Adult mobility",2.4,"filecde070c31871.xlsx","ET","Yellowtail snapper",32,"Rigidity"
"Spawning characteristics",1.4,"filecde070c31871.xlsx","ET","Yellowtail snapper",33,"Rigidity"
"Predation and competition dynamics",1.4,"filecde070c31871.xlsx","ET","Yellowtail snapper",34,"Rigidity"
"Genetic diversity",2,"filecde070c31871.xlsx","ET","Yellowtail snapper",35,"Rigidity"
"Sargassum influx",3.6,"filecde0484bf2c.xlsx","GR","Gray angelfish",17,"Qualitative Exposure Factors"
"Thermocline depth",3.6,"filecde0484bf2c.xlsx","GR","Gray angelfish",18,"Qualitative Exposure Factors"
"Habitat specificity",2.8,"filecde0484bf2c.xlsx","GR","Gray angelfish",21,"Sensitivity"
"Prey specificity",2.6,"filecde0484bf2c.xlsx","GR","Gray angelfish",22,"Sensitivity"
"Tolerance to ocean acidification",1.6,"filecde0484bf2c.xlsx","GR","Gray angelfish",23,"Sensitivity"
"Complexity in reproductive strategy",2.6,"filecde0484bf2c.xlsx","GR","Gray angelfish",24,"Sensitivity"
"Species range",3,"filecde0484bf2c.xlsx","GR","Gray angelfish",25,"Sensitivity"
"Specificity in early life history requirements",2.6,"filecde0484bf2c.xlsx","GR","Gray angelfish",26,"Sensitivity"
"Stock size/status",2.4,"filecde0484bf2c.xlsx","GR","Gray angelfish",27,"Sensitivity"
"Other stressors",1.6,"filecde0484bf2c.xlsx","GR","Gray angelfish",28,"Sensitivity"
"Population growth rate",2.6,"filecde0484bf2c.xlsx","GR","Gray angelfish",30,"Rigidity"
"Mobility and dispersal or early life stages",2.4,"filecde0484bf2c.xlsx","GR","Gray angelfish",31,"Rigidity"
"Adult mobility",4,"filecde0484bf2c.xlsx","GR","Gray angelfish",32,"Rigidity"
"Spawning characteristics",3.8,"filecde0484bf2c.xlsx","GR","Gray angelfish",33,"Rigidity"
"Predation and competition dynamics",2.6,"filecde0484bf2c.xlsx","GR","Gray angelfish",34,"Rigidity"
"Genetic diversity",2.4,"filecde0484bf2c.xlsx","GR","Gray angelfish",35,"Rigidity"
"Sargassum influx",2.8,"filecde0484bf2c.xlsx","GR","Hogfish",17,"Qualitative Exposure Factors"
"Thermocline depth",1.6,"filecde0484bf2c.xlsx","GR","Hogfish",18,"Qualitative Exposure Factors"
"Habitat specificity",3.6,"filecde0484bf2c.xlsx","GR","Hogfish",21,"Sensitivity"
"Prey specificity",4,"filecde0484bf2c.xlsx","GR","Hogfish",22,"Sensitivity"
"Tolerance to ocean acidification",2.6,"filecde0484bf2c.xlsx","GR","Hogfish",23,"Sensitivity"
"Complexity in reproductive strategy",1.2,"filecde0484bf2c.xlsx","GR","Hogfish",24,"Sensitivity"
"Species range",3.2,"filecde0484bf2c.xlsx","GR","Hogfish",25,"Sensitivity"
"Specificity in early life history requirements",2.8,"filecde0484bf2c.xlsx","GR","Hogfish",26,"Sensitivity"
"Stock size/status",1.8,"filecde0484bf2c.xlsx","GR","Hogfish",27,"Sensitivity"
"Other stressors",1.2,"filecde0484bf2c.xlsx","GR","Hogfish",28,"Sensitivity"
"Population growth rate",2.2,"filecde0484bf2c.xlsx","GR","Hogfish",30,"Rigidity"
"Mobility and dispersal or early life stages",2.8,"filecde0484bf2c.xlsx","GR","Hogfish",31,"Rigidity"
"Adult mobility",4,"filecde0484bf2c.xlsx","GR","Hogfish",32,"Rigidity"
"Spawning characteristics",3,"filecde0484bf2c.xlsx","GR","Hogfish",33,"Rigidity"
"Predation and competition dynamics",2.2,"filecde0484bf2c.xlsx","GR","Hogfish",34,"Rigidity"
"Genetic diversity",1.6,"filecde0484bf2c.xlsx","GR","Hogfish",35,"Rigidity"
"Sargassum influx",1.4,"filecde0484bf2c.xlsx","GR","Queen triggerfish",17,"Qualitative Exposure Factors"
"Thermocline depth",1.4,"filecde0484bf2c.xlsx","GR","Queen triggerfish",18,"Qualitative Exposure Factors"
"Habitat specificity",2.6,"filecde0484bf2c.xlsx","GR","Queen triggerfish",21,"Sensitivity"
"Prey specificity",2.8,"filecde0484bf2c.xlsx","GR","Queen triggerfish",22,"Sensitivity"
"Tolerance to ocean acidification",1.6,"filecde0484bf2c.xlsx","GR","Queen triggerfish",23,"Sensitivity"
"Complexity in reproductive strategy",2.6,"filecde0484bf2c.xlsx","GR","Queen triggerfish",24,"Sensitivity"
"Species range",2.8,"filecde0484bf2c.xlsx","GR","Queen triggerfish",25,"Sensitivity"
"Specificity in early life history requirements",1.6,"filecde0484bf2c.xlsx","GR","Queen triggerfish",26,"Sensitivity"
"Stock size/status",1.6,"filecde0484bf2c.xlsx","GR","Queen triggerfish",27,"Sensitivity"
"Other stressors",1.4,"filecde0484bf2c.xlsx","GR","Queen triggerfish",28,"Sensitivity"
"Population growth rate",1.6,"filecde0484bf2c.xlsx","GR","Queen triggerfish",30,"Rigidity"
"Mobility and dispersal or early life stages",4,"filecde0484bf2c.xlsx","GR","Queen triggerfish",31,"Rigidity"
"Adult mobility",2.2,"filecde0484bf2c.xlsx","GR","Queen triggerfish",32,"Rigidity"
"Spawning characteristics",2.8,"filecde0484bf2c.xlsx","GR","Queen triggerfish",33,"Rigidity"
"Predation and competition dynamics",2.2,"filecde0484bf2c.xlsx","GR","Queen triggerfish",34,"Rigidity"
"Genetic diversity",1.6,"filecde0484bf2c.xlsx","GR","Queen triggerfish",35,"Rigidity"
"Sargassum influx",2.8,"filecde0484bf2c.xlsx","GR","Rainbow parrotfish",17,"Qualitative Exposure Factors"
"Thermocline depth",2.6,"filecde0484bf2c.xlsx","GR","Rainbow parrotfish",18,"Qualitative Exposure Factors"
"Habitat specificity",3.6,"filecde0484bf2c.xlsx","GR","Rainbow parrotfish",21,"Sensitivity"
"Prey specificity",3.4,"filecde0484bf2c.xlsx","GR","Rainbow parrotfish",22,"Sensitivity"
"Tolerance to ocean acidification",2.4,"filecde0484bf2c.xlsx","GR","Rainbow parrotfish",23,"Sensitivity"
"Complexity in reproductive strategy",1.8,"filecde0484bf2c.xlsx","GR","Rainbow parrotfish",24,"Sensitivity"
"Species range",2.6,"filecde0484bf2c.xlsx","GR","Rainbow parrotfish",25,"Sensitivity"
"Specificity in early life history requirements",2.6,"filecde0484bf2c.xlsx","GR","Rainbow parrotfish",26,"Sensitivity"
"Stock size/status",3.8,"filecde0484bf2c.xlsx","GR","Rainbow parrotfish",27,"Sensitivity"
"Other stressors",2.4,"filecde0484bf2c.xlsx","GR","Rainbow parrotfish",28,"Sensitivity"
"Population growth rate",2.6,"filecde0484bf2c.xlsx","GR","Rainbow parrotfish",30,"Rigidity"
"Mobility and dispersal or early life stages",2.6,"filecde0484bf2c.xlsx","GR","Rainbow parrotfish",31,"Rigidity"
"Adult mobility",1.6,"filecde0484bf2c.xlsx","GR","Rainbow parrotfish",32,"Rigidity"
"Spawning characteristics",2.4,"filecde0484bf2c.xlsx","GR","Rainbow parrotfish",33,"Rigidity"
"Predation and competition dynamics",2.8,"filecde0484bf2c.xlsx","GR","Rainbow parrotfish",34,"Rigidity"
"Genetic diversity",2.2,"filecde0484bf2c.xlsx","GR","Rainbow parrotfish",35,"Rigidity"
"Sargassum influx",2.4,"filecde0484bf2c.xlsx","GR","Stoplight parrotfish",17,"Qualitative Exposure Factors"
"Thermocline depth",2.4,"filecde0484bf2c.xlsx","GR","Stoplight parrotfish",18,"Qualitative Exposure Factors"
"Habitat specificity",2.8,"filecde0484bf2c.xlsx","GR","Stoplight parrotfish",21,"Sensitivity"
"Prey specificity",2.6,"filecde0484bf2c.xlsx","GR","Stoplight parrotfish",22,"Sensitivity"
"Tolerance to ocean acidification",2.4,"filecde0484bf2c.xlsx","GR","Stoplight parrotfish",23,"Sensitivity"
"Complexity in reproductive strategy",2.2,"filecde0484bf2c.xlsx","GR","Stoplight parrotfish",24,"Sensitivity"
"Species range",3,"filecde0484bf2c.xlsx","GR","Stoplight parrotfish",25,"Sensitivity"
"Specificity in early life history requirements",2.4,"filecde0484bf2c.xlsx","GR","Stoplight parrotfish",26,"Sensitivity"
"Stock size/status",2.4,"filecde0484bf2c.xlsx","GR","Stoplight parrotfish",27,"Sensitivity"
"Other stressors",2.6,"filecde0484bf2c.xlsx","GR","Stoplight parrotfish",28,"Sensitivity"
"Population growth rate",1.6,"filecde0484bf2c.xlsx","GR","Stoplight parrotfish",30,"Rigidity"
"Mobility and dispersal or early life stages",2.8,"filecde0484bf2c.xlsx","GR","Stoplight parrotfish",31,"Rigidity"
"Adult mobility",1.4,"filecde0484bf2c.xlsx","GR","Stoplight parrotfish",32,"Rigidity"
"Spawning characteristics",1,"filecde0484bf2c.xlsx","GR","Stoplight parrotfish",33,"Rigidity"
"Predation and competition dynamics",2.6,"filecde0484bf2c.xlsx","GR","Stoplight parrotfish",34,"Rigidity"
"Genetic diversity",1,"filecde0484bf2c.xlsx","GR","Stoplight parrotfish",35,"Rigidity"
"Sargassum influx",2.4,"filecde03eb7c47.xlsx","JP","Ballyhoo",17,"Qualitative Exposure Factors"
"Habitat specificity",1,"filecde03eb7c47.xlsx","JP","Ballyhoo",21,"Sensitivity"
"Prey specificity",1,"filecde03eb7c47.xlsx","JP","Ballyhoo",22,"Sensitivity"
"Tolerance to ocean acidification",1,"filecde03eb7c47.xlsx","JP","Ballyhoo",23,"Sensitivity"
"Complexity in reproductive strategy",2.2,"filecde03eb7c47.xlsx","JP","Ballyhoo",24,"Sensitivity"
"Species range",1.2,"filecde03eb7c47.xlsx","JP","Ballyhoo",25,"Sensitivity"
"Specificity in early life history requirements",2.4,"filecde03eb7c47.xlsx","JP","Ballyhoo",26,"Sensitivity"
"Stock size/status",2,"filecde03eb7c47.xlsx","JP","Ballyhoo",27,"Sensitivity"
"Other stressors",1.8,"filecde03eb7c47.xlsx","JP","Ballyhoo",28,"Sensitivity"
"Population growth rate",1,"filecde03eb7c47.xlsx","JP","Ballyhoo",30,"Rigidity"
"Mobility and dispersal or early life stages",2.8,"filecde03eb7c47.xlsx","JP","Ballyhoo",31,"Rigidity"
"Adult mobility",1,"filecde03eb7c47.xlsx","JP","Ballyhoo",32,"Rigidity"
"Spawning characteristics",1.4,"filecde03eb7c47.xlsx","JP","Ballyhoo",33,"Rigidity"
"Predation and competition dynamics",2,"filecde03eb7c47.xlsx","JP","Ballyhoo",34,"Rigidity"
"Genetic diversity",1,"filecde03eb7c47.xlsx","JP","Ballyhoo",35,"Rigidity"
"Sargassum influx",1.6,"filecde03eb7c47.xlsx","JP","Long-spined sea urchin",17,"Qualitative Exposure Factors"
"Habitat specificity",3.4,"filecde03eb7c47.xlsx","JP","Long-spined sea urchin",21,"Sensitivity"
"Prey specificity",1,"filecde03eb7c47.xlsx","JP","Long-spined sea urchin",22,"Sensitivity"
"Tolerance to ocean acidification",3.6,"filecde03eb7c47.xlsx","JP","Long-spined sea urchin",23,"Sensitivity"
"Complexity in reproductive strategy",3.2,"filecde03eb7c47.xlsx","JP","Long-spined sea urchin",24,"Sensitivity"
"Species range",2.2,"filecde03eb7c47.xlsx","JP","Long-spined sea urchin",25,"Sensitivity"
"Specificity in early life history requirements",4,"filecde03eb7c47.xlsx","JP","Long-spined sea urchin",26,"Sensitivity"
"Stock size/status",1,"filecde03eb7c47.xlsx","JP","Long-spined sea urchin",27,"Sensitivity"
"Other stressors",4,"filecde03eb7c47.xlsx","JP","Long-spined sea urchin",28,"Sensitivity"
"Population growth rate",1.8,"filecde03eb7c47.xlsx","JP","Long-spined sea urchin",30,"Rigidity"
"Mobility and dispersal or early life stages",1.2,"filecde03eb7c47.xlsx","JP","Long-spined sea urchin",31,"Rigidity"
"Adult mobility",2.6,"filecde03eb7c47.xlsx","JP","Long-spined sea urchin",32,"Rigidity"
"Spawning characteristics",1,"filecde03eb7c47.xlsx","JP","Long-spined sea urchin",33,"Rigidity"
"Predation and competition dynamics",3,"filecde03eb7c47.xlsx","JP","Long-spined sea urchin",34,"Rigidity"
"Genetic diversity",3.4,"filecde03eb7c47.xlsx","JP","Long-spined sea urchin",35,"Rigidity"
"Sargassum influx",3.2,"filecde03eb7c47.xlsx","JP","Sea cucumbers",17,"Qualitative Exposure Factors"
"Habitat specificity",2.6,"filecde03eb7c47.xlsx","JP","Sea cucumbers",21,"Sensitivity"
"Prey specificity",1,"filecde03eb7c47.xlsx","JP","Sea cucumbers",22,"Sensitivity"
"Tolerance to ocean acidification",3,"filecde03eb7c47.xlsx","JP","Sea cucumbers",23,"Sensitivity"
"Complexity in reproductive strategy",2.8,"filecde03eb7c47.xlsx","JP","Sea cucumbers",24,"Sensitivity"
"Species range",2.6,"filecde03eb7c47.xlsx","JP","Sea cucumbers",25,"Sensitivity"
"Specificity in early life history requirements",2.4,"filecde03eb7c47.xlsx","JP","Sea cucumbers",26,"Sensitivity"
"Stock size/status",2.6,"filecde03eb7c47.xlsx","JP","Sea cucumbers",27,"Sensitivity"
"Other stressors",1.8,"filecde03eb7c47.xlsx","JP","Sea cucumbers",28,"Sensitivity"
"Population growth rate",2,"filecde03eb7c47.xlsx","JP","Sea cucumbers",30,"Rigidity"
"Mobility and dispersal or early life stages",2.2,"filecde03eb7c47.xlsx","JP","Sea cucumbers",31,"Rigidity"
"Adult mobility",2.8,"filecde03eb7c47.xlsx","JP","Sea cucumbers",32,"Rigidity"
"Spawning characteristics",3.6,"filecde03eb7c47.xlsx","JP","Sea cucumbers",33,"Rigidity"
"Predation and competition dynamics",1.8,"filecde03eb7c47.xlsx","JP","Sea cucumbers",34,"Rigidity"
"Genetic diversity",2,"filecde03eb7c47.xlsx","JP","Sea cucumbers",35,"Rigidity"
"Sargassum influx",2.2,"filecde03eb7c47.xlsx","JP","White mullet",17,"Qualitative Exposure Factors"
"Habitat specificity",1.8,"filecde03eb7c47.xlsx","JP","White mullet",21,"Sensitivity"
"Prey specificity",1,"filecde03eb7c47.xlsx","JP","White mullet",22,"Sensitivity"
"Tolerance to ocean acidification",1,"filecde03eb7c47.xlsx","JP","White mullet",23,"Sensitivity"
"Complexity in reproductive strategy",2.8,"filecde03eb7c47.xlsx","JP","White mullet",24,"Sensitivity"
"Species range",2,"filecde03eb7c47.xlsx","JP","White mullet",25,"Sensitivity"
"Specificity in early life history requirements",2.2,"filecde03eb7c47.xlsx","JP","White mullet",26,"Sensitivity"
"Stock size/status",1.8,"filecde03eb7c47.xlsx","JP","White mullet",27,"Sensitivity"
"Other stressors",1.8,"filecde03eb7c47.xlsx","JP","White mullet",28,"Sensitivity"
"Population growth rate",2.4,"filecde03eb7c47.xlsx","JP","White mullet",30,"Rigidity"
"Mobility and dispersal or early life stages",2.4,"filecde03eb7c47.xlsx","JP","White mullet",31,"Rigidity"
"Adult mobility",1.4,"filecde03eb7c47.xlsx","JP","White mullet",32,"Rigidity"
"Spawning characteristics",2.2,"filecde03eb7c47.xlsx","JP","White mullet",33,"Rigidity"
"Predation and competition dynamics",2.6,"filecde03eb7c47.xlsx","JP","White mullet",34,"Rigidity"
"Genetic diversity",2,"filecde03eb7c47.xlsx","JP","White mullet",35,"Rigidity"
"Sargassum influx",2,"filecde04b386cf9.xlsx","KO","Lane snapper",17,"Qualitative Exposure Factors"
"Habitat specificity",3,"filecde04b386cf9.xlsx","KO","Lane snapper",21,"Sensitivity"
"Prey specificity",2,"filecde04b386cf9.xlsx","KO","Lane snapper",22,"Sensitivity"
"Tolerance to ocean acidification",2.6,"filecde04b386cf9.xlsx","KO","Lane snapper",23,"Sensitivity"
"Complexity in reproductive strategy",2,"filecde04b386cf9.xlsx","KO","Lane snapper",24,"Sensitivity"
"Species range",1,"filecde04b386cf9.xlsx","KO","Lane snapper",25,"Sensitivity"
"Specificity in early life history requirements",2.2,"filecde04b386cf9.xlsx","KO","Lane snapper",26,"Sensitivity"
"Stock size/status",2.2,"filecde04b386cf9.xlsx","KO","Lane snapper",27,"Sensitivity"
"Other stressors",2.2,"filecde04b386cf9.xlsx","KO","Lane snapper",28,"Sensitivity"
"Population growth rate",2.4,"filecde04b386cf9.xlsx","KO","Lane snapper",30,"Rigidity"
"Mobility and dispersal or early life stages",1.6,"filecde04b386cf9.xlsx","KO","Lane snapper",31,"Rigidity"
"Adult mobility",2,"filecde04b386cf9.xlsx","KO","Lane snapper",32,"Rigidity"
"Spawning characteristics",1.2,"filecde04b386cf9.xlsx","KO","Lane snapper",33,"Rigidity"
"Predation and competition dynamics",2.4,"filecde04b386cf9.xlsx","KO","Lane snapper",34,"Rigidity"
"Genetic diversity",2.4,"filecde04b386cf9.xlsx","KO","Lane snapper",35,"Rigidity"
"Sargassum influx",2,"filecde04b386cf9.xlsx","KO","Mutton snapper",17,"Qualitative Exposure Factors"
"Habitat specificity",3,"filecde04b386cf9.xlsx","KO","Mutton snapper",21,"Sensitivity"
"Prey specificity",3,"filecde04b386cf9.xlsx","KO","Mutton snapper",22,"Sensitivity"
"Tolerance to ocean acidification",2.6,"filecde04b386cf9.xlsx","KO","Mutton snapper",23,"Sensitivity"
"Complexity in reproductive strategy",3.2,"filecde04b386cf9.xlsx","KO","Mutton snapper",24,"Sensitivity"
"Species range",1,"filecde04b386cf9.xlsx","KO","Mutton snapper",25,"Sensitivity"
"Specificity in early life history requirements",3.2,"filecde04b386cf9.xlsx","KO","Mutton snapper",26,"Sensitivity"
"Stock size/status",2.4,"filecde04b386cf9.xlsx","KO","Mutton snapper",27,"Sensitivity"
"Other stressors",2.2,"filecde04b386cf9.xlsx","KO","Mutton snapper",28,"Sensitivity"
"Population growth rate",2.6,"filecde04b386cf9.xlsx","KO","Mutton snapper",30,"Rigidity"
"Mobility and dispersal or early life stages",2,"filecde04b386cf9.xlsx","KO","Mutton snapper",31,"Rigidity"
"Adult mobility",2.8,"filecde04b386cf9.xlsx","KO","Mutton snapper",32,"Rigidity"
"Spawning characteristics",3.2,"filecde04b386cf9.xlsx","KO","Mutton snapper",33,"Rigidity"
"Predation and competition dynamics",2.4,"filecde04b386cf9.xlsx","KO","Mutton snapper",34,"Rigidity"
"Genetic diversity",2.8,"filecde04b386cf9.xlsx","KO","Mutton snapper",35,"Rigidity"
"Habitat specificity",2.8,"filecde04b386cf9.xlsx","KO","Queen snapper",21,"Sensitivity"
"Prey specificity",1.8,"filecde04b386cf9.xlsx","KO","Queen snapper",22,"Sensitivity"
"Tolerance to ocean acidification",2,"filecde04b386cf9.xlsx","KO","Queen snapper",23,"Sensitivity"
"Complexity in reproductive strategy",2.2,"filecde04b386cf9.xlsx","KO","Queen snapper",24,"Sensitivity"
"Species range",1,"filecde04b386cf9.xlsx","KO","Queen snapper",25,"Sensitivity"
"Specificity in early life history requirements",2.6,"filecde04b386cf9.xlsx","KO","Queen snapper",26,"Sensitivity"
"Stock size/status",2.4,"filecde04b386cf9.xlsx","KO","Queen snapper",27,"Sensitivity"
"Other stressors",1.4,"filecde04b386cf9.xlsx","KO","Queen snapper",28,"Sensitivity"
"Population growth rate",3.8,"filecde04b386cf9.xlsx","KO","Queen snapper",30,"Rigidity"
"Mobility and dispersal or early life stages",1.6,"filecde04b386cf9.xlsx","KO","Queen snapper",31,"Rigidity"
"Adult mobility",2,"filecde04b386cf9.xlsx","KO","Queen snapper",32,"Rigidity"
"Spawning characteristics",2.4,"filecde04b386cf9.xlsx","KO","Queen snapper",33,"Rigidity"
"Predation and competition dynamics",2,"filecde04b386cf9.xlsx","KO","Queen snapper",34,"Rigidity"
"Genetic diversity",2.6,"filecde04b386cf9.xlsx","KO","Queen snapper",35,"Rigidity"
"Habitat specificity",2,"filecde04b386cf9.xlsx","KO","Silk snapper",21,"Sensitivity"
"Prey specificity",1.2,"filecde04b386cf9.xlsx","KO","Silk snapper",22,"Sensitivity"
"Tolerance to ocean acidification",2.2,"filecde04b386cf9.xlsx","KO","Silk snapper",23,"Sensitivity"
"Complexity in reproductive strategy",2,"filecde04b386cf9.xlsx","KO","Silk snapper",24,"Sensitivity"
"Species range",1,"filecde04b386cf9.xlsx","KO","Silk snapper",25,"Sensitivity"
"Specificity in early life history requirements",2.2,"filecde04b386cf9.xlsx","KO","Silk snapper",26,"Sensitivity"
"Stock size/status",2.6,"filecde04b386cf9.xlsx","KO","Silk snapper",27,"Sensitivity"
"Other stressors",2,"filecde04b386cf9.xlsx","KO","Silk snapper",28,"Sensitivity"
"Population growth rate",3.6,"filecde04b386cf9.xlsx","KO","Silk snapper",30,"Rigidity"
"Mobility and dispersal or early life stages",2.4,"filecde04b386cf9.xlsx","KO","Silk snapper",31,"Rigidity"
"Adult mobility",2,"filecde04b386cf9.xlsx","KO","Silk snapper",32,"Rigidity"
"Spawning characteristics",2.8,"filecde04b386cf9.xlsx","KO","Silk snapper",33,"Rigidity"
"Predation and competition dynamics",2,"filecde04b386cf9.xlsx","KO","Silk snapper",34,"Rigidity"
"Genetic diversity",2.6,"filecde04b386cf9.xlsx","KO","Silk snapper",35,"Rigidity"
"Sargassum influx",2,"filecde04b386cf9.xlsx","KO","Yellowtail snapper",17,"Qualitative Exposure Factors"
"Habitat specificity",2.6,"filecde04b386cf9.xlsx","KO","Yellowtail snapper",21,"Sensitivity"
"Prey specificity",2.6,"filecde04b386cf9.xlsx","KO","Yellowtail snapper",22,"Sensitivity"
"Tolerance to ocean acidification",2,"filecde04b386cf9.xlsx","KO","Yellowtail snapper",23,"Sensitivity"
"Complexity in reproductive strategy",2.4,"filecde04b386cf9.xlsx","KO","Yellowtail snapper",24,"Sensitivity"
"Species range",1,"filecde04b386cf9.xlsx","KO","Yellowtail snapper",25,"Sensitivity"
"Specificity in early life history requirements",3,"filecde04b386cf9.xlsx","KO","Yellowtail snapper",26,"Sensitivity"
"Stock size/status",1.4,"filecde04b386cf9.xlsx","KO","Yellowtail snapper",27,"Sensitivity"
"Other stressors",2.2,"filecde04b386cf9.xlsx","KO","Yellowtail snapper",28,"Sensitivity"
"Population growth rate",2.6,"filecde04b386cf9.xlsx","KO","Yellowtail snapper",30,"Rigidity"
"Mobility and dispersal or early life stages",1.2,"filecde04b386cf9.xlsx","KO","Yellowtail snapper",31,"Rigidity"
"Adult mobility",2,"filecde04b386cf9.xlsx","KO","Yellowtail snapper",32,"Rigidity"
"Spawning characteristics",1.8,"filecde04b386cf9.xlsx","KO","Yellowtail snapper",33,"Rigidity"
"Predation and competition dynamics",2.4,"filecde04b386cf9.xlsx","KO","Yellowtail snapper",34,"Rigidity"
"Genetic diversity",2.4,"filecde04b386cf9.xlsx","KO","Yellowtail snapper",35,"Rigidity"
"Sargassum influx",2.4,"filecde075053f70.xlsx","MS","Hogfish",17,"Qualitative Exposure Factors"
"Thermocline depth",1.4,"filecde075053f70.xlsx","MS","Hogfish",18,"Qualitative Exposure Factors"
"Habitat specificity",1.4,"filecde075053f70.xlsx","MS","Hogfish",21,"Sensitivity"
"Prey specificity",1.6,"filecde075053f70.xlsx","MS","Hogfish",22,"Sensitivity"
"Tolerance to ocean acidification",1.8,"filecde075053f70.xlsx","MS","Hogfish",23,"Sensitivity"
"Complexity in reproductive strategy",1.2,"filecde075053f70.xlsx","MS","Hogfish",24,"Sensitivity"
"Species range",1.2,"filecde075053f70.xlsx","MS","Hogfish",25,"Sensitivity"
"Specificity in early life history requirements",1.6,"filecde075053f70.xlsx","MS","Hogfish",26,"Sensitivity"
"Stock size/status",1.4,"filecde075053f70.xlsx","MS","Hogfish",27,"Sensitivity"
"Other stressors",2.2,"filecde075053f70.xlsx","MS","Hogfish",28,"Sensitivity"
"Population growth rate",2.8,"filecde075053f70.xlsx","MS","Hogfish",30,"Rigidity"
"Mobility and dispersal or early life stages",2,"filecde075053f70.xlsx","MS","Hogfish",31,"Rigidity"
"Adult mobility",2.2,"filecde075053f70.xlsx","MS","Hogfish",32,"Rigidity"
"Spawning characteristics",2,"filecde075053f70.xlsx","MS","Hogfish",33,"Rigidity"
"Predation and competition dynamics",1.6,"filecde075053f70.xlsx","MS","Hogfish",34,"Rigidity"
"Genetic diversity",3,"filecde075053f70.xlsx","MS","Hogfish",35,"Rigidity"
"Sargassum influx",1,"filecde075053f70.xlsx","MS","Misty grouper",17,"Qualitative Exposure Factors"
"Habitat specificity",2,"filecde075053f70.xlsx","MS","Misty grouper",21,"Sensitivity"
"Prey specificity",2.6,"filecde075053f70.xlsx","MS","Misty grouper",22,"Sensitivity"
"Tolerance to ocean acidification",2.2,"filecde075053f70.xlsx","MS","Misty grouper",23,"Sensitivity"
"Complexity in reproductive strategy",3.2,"filecde075053f70.xlsx","MS","Misty grouper",24,"Sensitivity"
"Species range",2.2,"filecde075053f70.xlsx","MS","Misty grouper",25,"Sensitivity"
"Specificity in early life history requirements",2.2,"filecde075053f70.xlsx","MS","Misty grouper",26,"Sensitivity"
"Stock size/status",4,"filecde075053f70.xlsx","MS","Misty grouper",27,"Sensitivity"
"Other stressors",2.4,"filecde075053f70.xlsx","MS","Misty grouper",28,"Sensitivity"
"Population growth rate",3.2,"filecde075053f70.xlsx","MS","Misty grouper",30,"Rigidity"
"Mobility and dispersal or early life stages",2,"filecde075053f70.xlsx","MS","Misty grouper",31,"Rigidity"
"Adult mobility",2.8,"filecde075053f70.xlsx","MS","Misty grouper",32,"Rigidity"
"Spawning characteristics",3.2,"filecde075053f70.xlsx","MS","Misty grouper",33,"Rigidity"
"Predation and competition dynamics",1.2,"filecde075053f70.xlsx","MS","Misty grouper",34,"Rigidity"
"Genetic diversity",2.4,"filecde075053f70.xlsx","MS","Misty grouper",35,"Rigidity"
"Sargassum influx",1.2,"filecde075053f70.xlsx","MS","Nassau grouper",17,"Qualitative Exposure Factors"
"Thermocline depth",2.4,"filecde075053f70.xlsx","MS","Nassau grouper",18,"Qualitative Exposure Factors"
"Habitat specificity",2,"filecde075053f70.xlsx","MS","Nassau grouper",21,"Sensitivity"
"Prey specificity",1.4,"filecde075053f70.xlsx","MS","Nassau grouper",22,"Sensitivity"
"Tolerance to ocean acidification",1.4,"filecde075053f70.xlsx","MS","Nassau grouper",23,"Sensitivity"
"Complexity in reproductive strategy",3.2,"filecde075053f70.xlsx","MS","Nassau grouper",24,"Sensitivity"
"Species range",3,"filecde075053f70.xlsx","MS","Nassau grouper",25,"Sensitivity"
"Specificity in early life history requirements",3,"filecde075053f70.xlsx","MS","Nassau grouper",26,"Sensitivity"
"Stock size/status",4,"filecde075053f70.xlsx","MS","Nassau grouper",27,"Sensitivity"
"Other stressors",2.8,"filecde075053f70.xlsx","MS","Nassau grouper",28,"Sensitivity"
"Population growth rate",3.2,"filecde075053f70.xlsx","MS","Nassau grouper",30,"Rigidity"
"Mobility and dispersal or early life stages",2,"filecde075053f70.xlsx","MS","Nassau grouper",31,"Rigidity"
"Adult mobility",2.8,"filecde075053f70.xlsx","MS","Nassau grouper",32,"Rigidity"
"Spawning characteristics",3.2,"filecde075053f70.xlsx","MS","Nassau grouper",33,"Rigidity"
"Predation and competition dynamics",1.2,"filecde075053f70.xlsx","MS","Nassau grouper",34,"Rigidity"
"Genetic diversity",3,"filecde075053f70.xlsx","MS","Nassau grouper",35,"Rigidity"
"Sargassum influx",1,"filecde075053f70.xlsx","MS","Red grouper",17,"Qualitative Exposure Factors"
"Thermocline depth",1.2,"filecde075053f70.xlsx","MS","Red grouper",18,"Qualitative Exposure Factors"
"Habitat specificity",3,"filecde075053f70.xlsx","MS","Red grouper",21,"Sensitivity"
"Prey specificity",2.4,"filecde075053f70.xlsx","MS","Red grouper",22,"Sensitivity"
"Tolerance to ocean acidification",1.2,"filecde075053f70.xlsx","MS","Red grouper",23,"Sensitivity"
"Complexity in reproductive strategy",3.2,"filecde075053f70.xlsx","MS","Red grouper",24,"Sensitivity"
"Species range",2.2,"filecde075053f70.xlsx","MS","Red grouper",25,"Sensitivity"
"Specificity in early life history requirements",2.4,"filecde075053f70.xlsx","MS","Red grouper",26,"Sensitivity"
"Stock size/status",4,"filecde075053f70.xlsx","MS","Red grouper",27,"Sensitivity"
"Other stressors",1,"filecde075053f70.xlsx","MS","Red grouper",28,"Sensitivity"
"Population growth rate",2.8,"filecde075053f70.xlsx","MS","Red grouper",30,"Rigidity"
"Mobility and dispersal or early life stages",2.2,"filecde075053f70.xlsx","MS","Red grouper",31,"Rigidity"
"Adult mobility",3,"filecde075053f70.xlsx","MS","Red grouper",32,"Rigidity"
"Spawning characteristics",2.8,"filecde075053f70.xlsx","MS","Red grouper",33,"Rigidity"
"Predation and competition dynamics",1.6,"filecde075053f70.xlsx","MS","Red grouper",34,"Rigidity"
"Genetic diversity",2,"filecde075053f70.xlsx","MS","Red grouper",35,"Rigidity"
"Sargassum influx",1,"filecde075053f70.xlsx","MS","Red hind",17,"Qualitative Exposure Factors"
"Thermocline depth",2.4,"filecde075053f70.xlsx","MS","Red hind",18,"Qualitative Exposure Factors"
"Habitat specificity",1.6,"filecde075053f70.xlsx","MS","Red hind",21,"Sensitivity"
"Prey specificity",1.4,"filecde075053f70.xlsx","MS","Red hind",22,"Sensitivity"
"Tolerance to ocean acidification",2.4,"filecde075053f70.xlsx","MS","Red hind",23,"Sensitivity"
"Complexity in reproductive strategy",3,"filecde075053f70.xlsx","MS","Red hind",24,"Sensitivity"
"Species range",2,"filecde075053f70.xlsx","MS","Red hind",25,"Sensitivity"
"Specificity in early life history requirements",2.2,"filecde075053f70.xlsx","MS","Red hind",26,"Sensitivity"
"Stock size/status",3,"filecde075053f70.xlsx","MS","Red hind",27,"Sensitivity"
"Other stressors",2.8,"filecde075053f70.xlsx","MS","Red hind",28,"Sensitivity"
"Population growth rate",2.4,"filecde075053f70.xlsx","MS","Red hind",30,"Rigidity"
"Mobility and dispersal or early life stages",1.8,"filecde075053f70.xlsx","MS","Red hind",31,"Rigidity"
"Adult mobility",2.2,"filecde075053f70.xlsx","MS","Red hind",32,"Rigidity"
"Spawning characteristics",3.2,"filecde075053f70.xlsx","MS","Red hind",33,"Rigidity"
"Predation and competition dynamics",1.8,"filecde075053f70.xlsx","MS","Red hind",34,"Rigidity"
"Genetic diversity",2.4,"filecde075053f70.xlsx","MS","Red hind",35,"Rigidity"
"Sargassum influx",1,"filecde075053f70.xlsx","MS","Yellowfin grouper",17,"Qualitative Exposure Factors"
"Thermocline depth",2.4,"filecde075053f70.xlsx","MS","Yellowfin grouper",18,"Qualitative Exposure Factors"
"Habitat specificity",2.2,"filecde075053f70.xlsx","MS","Yellowfin grouper",21,"Sensitivity"
"Prey specificity",2.4,"filecde075053f70.xlsx","MS","Yellowfin grouper",22,"Sensitivity"
"Tolerance to ocean acidification",1.8,"filecde075053f70.xlsx","MS","Yellowfin grouper",23,"Sensitivity"
"Complexity in reproductive strategy",3.2,"filecde075053f70.xlsx","MS","Yellowfin grouper",24,"Sensitivity"
"Species range",2,"filecde075053f70.xlsx","MS","Yellowfin grouper",25,"Sensitivity"
"Specificity in early life history requirements",2.2,"filecde075053f70.xlsx","MS","Yellowfin grouper",26,"Sensitivity"
"Stock size/status",3.2,"filecde075053f70.xlsx","MS","Yellowfin grouper",27,"Sensitivity"
"Other stressors",2.8,"filecde075053f70.xlsx","MS","Yellowfin grouper",28,"Sensitivity"
"Population growth rate",2.4,"filecde075053f70.xlsx","MS","Yellowfin grouper",30,"Rigidity"
"Mobility and dispersal or early life stages",1.8,"filecde075053f70.xlsx","MS","Yellowfin grouper",31,"Rigidity"
"Adult mobility",2.2,"filecde075053f70.xlsx","MS","Yellowfin grouper",32,"Rigidity"
"Spawning characteristics",3.2,"filecde075053f70.xlsx","MS","Yellowfin grouper",33,"Rigidity"
"Predation and competition dynamics",1.8,"filecde075053f70.xlsx","MS","Yellowfin grouper",34,"Rigidity"
"Genetic diversity",2.4,"filecde075053f70.xlsx","MS","Yellowfin grouper",35,"Rigidity"
"Sargassum influx",1.6,"filecde068ad52cd.xlsx","OT","Long-spined sea urchin",17,"Qualitative Exposure Factors"
"Habitat specificity",2.8,"filecde068ad52cd.xlsx","OT","Long-spined sea urchin",21,"Sensitivity"
"Prey specificity",1,"filecde068ad52cd.xlsx","OT","Long-spined sea urchin",22,"Sensitivity"
"Tolerance to ocean acidification",4,"filecde068ad52cd.xlsx","OT","Long-spined sea urchin",23,"Sensitivity"
"Complexity in reproductive strategy",2.6,"filecde068ad52cd.xlsx","OT","Long-spined sea urchin",24,"Sensitivity"
"Species range",1,"filecde068ad52cd.xlsx","OT","Long-spined sea urchin",25,"Sensitivity"
"Specificity in early life history requirements",2.2,"filecde068ad52cd.xlsx","OT","Long-spined sea urchin",26,"Sensitivity"
"Stock size/status",2.6,"filecde068ad52cd.xlsx","OT","Long-spined sea urchin",27,"Sensitivity"
"Other stressors",3,"filecde068ad52cd.xlsx","OT","Long-spined sea urchin",28,"Sensitivity"
"Population growth rate",2.2,"filecde068ad52cd.xlsx","OT","Long-spined sea urchin",30,"Rigidity"
"Mobility and dispersal or early life stages",1.6,"filecde068ad52cd.xlsx","OT","Long-spined sea urchin",31,"Rigidity"
"Adult mobility",2.6,"filecde068ad52cd.xlsx","OT","Long-spined sea urchin",32,"Rigidity"
"Spawning characteristics",2.2,"filecde068ad52cd.xlsx","OT","Long-spined sea urchin",33,"Rigidity"
"Predation and competition dynamics",2.2,"filecde068ad52cd.xlsx","OT","Long-spined sea urchin",34,"Rigidity"
"Genetic diversity",3,"filecde068ad52cd.xlsx","OT","Long-spined sea urchin",35,"Rigidity"
"Sargassum influx",2,"filecde068ad52cd.xlsx","OT","Nassau grouper",17,"Qualitative Exposure Factors"
"Thermocline depth",2.4,"filecde068ad52cd.xlsx","OT","Nassau grouper",18,"Qualitative Exposure Factors"
"Habitat specificity",2.2,"filecde068ad52cd.xlsx","OT","Nassau grouper",21,"Sensitivity"
"Prey specificity",2,"filecde068ad52cd.xlsx","OT","Nassau grouper",22,"Sensitivity"
"Tolerance to ocean acidification",2,"filecde068ad52cd.xlsx","OT","Nassau grouper",23,"Sensitivity"
"Complexity in reproductive strategy",3.8,"filecde068ad52cd.xlsx","OT","Nassau grouper",24,"Sensitivity"
"Species range",2.4,"filecde068ad52cd.xlsx","OT","Nassau grouper",25,"Sensitivity"
"Specificity in early life history requirements",3,"filecde068ad52cd.xlsx","OT","Nassau grouper",26,"Sensitivity"
"Stock size/status",3.2,"filecde068ad52cd.xlsx","OT","Nassau grouper",27,"Sensitivity"
"Other stressors",2.4,"filecde068ad52cd.xlsx","OT","Nassau grouper",28,"Sensitivity"
"Population growth rate",3,"filecde068ad52cd.xlsx","OT","Nassau grouper",30,"Rigidity"
"Mobility and dispersal or early life stages",2,"filecde068ad52cd.xlsx","OT","Nassau grouper",31,"Rigidity"
"Adult mobility",2,"filecde068ad52cd.xlsx","OT","Nassau grouper",32,"Rigidity"
"Spawning characteristics",3,"filecde068ad52cd.xlsx","OT","Nassau grouper",33,"Rigidity"
"Predation and competition dynamics",1.6,"filecde068ad52cd.xlsx","OT","Nassau grouper",34,"Rigidity"
"Genetic diversity",2.4,"filecde068ad52cd.xlsx","OT","Nassau grouper",35,"Rigidity"
"Sargassum influx",3.4,"filecde068ad52cd.xlsx","OT","Queen conch",17,"Qualitative Exposure Factors"
"Habitat specificity",1.4,"filecde068ad52cd.xlsx","OT","Queen conch",21,"Sensitivity"
"Prey specificity",1.4,"filecde068ad52cd.xlsx","OT","Queen conch",22,"Sensitivity"
"Tolerance to ocean acidification",3.8,"filecde068ad52cd.xlsx","OT","Queen conch",23,"Sensitivity"
"Complexity in reproductive strategy",3,"filecde068ad52cd.xlsx","OT","Queen conch",24,"Sensitivity"
"Species range",2,"filecde068ad52cd.xlsx","OT","Queen conch",25,"Sensitivity"
"Specificity in early life history requirements",2,"filecde068ad52cd.xlsx","OT","Queen conch",26,"Sensitivity"
"Stock size/status",2.4,"filecde068ad52cd.xlsx","OT","Queen conch",27,"Sensitivity"
"Other stressors",1.2,"filecde068ad52cd.xlsx","OT","Queen conch",28,"Sensitivity"
"Population growth rate",2.2,"filecde068ad52cd.xlsx","OT","Queen conch",30,"Rigidity"
"Mobility and dispersal or early life stages",2.2,"filecde068ad52cd.xlsx","OT","Queen conch",31,"Rigidity"
"Adult mobility",3,"filecde068ad52cd.xlsx","OT","Queen conch",32,"Rigidity"
"Spawning characteristics",1.8,"filecde068ad52cd.xlsx","OT","Queen conch",33,"Rigidity"
"Predation and competition dynamics",1.6,"filecde068ad52cd.xlsx","OT","Queen conch",34,"Rigidity"
"Genetic diversity",1.4,"filecde068ad52cd.xlsx","OT","Queen conch",35,"Rigidity"
"Sargassum influx",3,"filecde068ad52cd.xlsx","OT","Red grouper",17,"Qualitative Exposure Factors"
"Thermocline depth",3,"filecde068ad52cd.xlsx","OT","Red grouper",18,"Qualitative Exposure Factors"
"Habitat specificity",1.6,"filecde068ad52cd.xlsx","OT","Red grouper",21,"Sensitivity"
"Prey specificity",1.2,"filecde068ad52cd.xlsx","OT","Red grouper",22,"Sensitivity"
"Tolerance to ocean acidification",3,"filecde068ad52cd.xlsx","OT","Red grouper",23,"Sensitivity"
"Complexity in reproductive strategy",2.6,"filecde068ad52cd.xlsx","OT","Red grouper",24,"Sensitivity"
"Species range",1.6,"filecde068ad52cd.xlsx","OT","Red grouper",25,"Sensitivity"
"Specificity in early life history requirements",2.2,"filecde068ad52cd.xlsx","OT","Red grouper",26,"Sensitivity"
"Stock size/status",2.4,"filecde068ad52cd.xlsx","OT","Red grouper",27,"Sensitivity"
"Other stressors",2,"filecde068ad52cd.xlsx","OT","Red grouper",28,"Sensitivity"
"Population growth rate",3.8,"filecde068ad52cd.xlsx","OT","Red grouper",30,"Rigidity"
"Mobility and dispersal or early life stages",1.6,"filecde068ad52cd.xlsx","OT","Red grouper",31,"Rigidity"
"Adult mobility",1.8,"filecde068ad52cd.xlsx","OT","Red grouper",32,"Rigidity"
"Spawning characteristics",2.4,"filecde068ad52cd.xlsx","OT","Red grouper",33,"Rigidity"
"Predation and competition dynamics",1.8,"filecde068ad52cd.xlsx","OT","Red grouper",34,"Rigidity"
"Genetic diversity",2.4,"filecde068ad52cd.xlsx","OT","Red grouper",35,"Rigidity"
"Sargassum influx",1.2,"filecde068ad52cd.xlsx","OT","Red hind",17,"Qualitative Exposure Factors"
"Thermocline depth",2.8,"filecde068ad52cd.xlsx","OT","Red hind",18,"Qualitative Exposure Factors"
"Habitat specificity",1.4,"filecde068ad52cd.xlsx","OT","Red hind",21,"Sensitivity"
"Prey specificity",1.2,"filecde068ad52cd.xlsx","OT","Red hind",22,"Sensitivity"
"Tolerance to ocean acidification",3,"filecde068ad52cd.xlsx","OT","Red hind",23,"Sensitivity"
"Complexity in reproductive strategy",3.8,"filecde068ad52cd.xlsx","OT","Red hind",24,"Sensitivity"
"Species range",2,"filecde068ad52cd.xlsx","OT","Red hind",25,"Sensitivity"
"Specificity in early life history requirements",2,"filecde068ad52cd.xlsx","OT","Red hind",26,"Sensitivity"
"Stock size/status",2.2,"filecde068ad52cd.xlsx","OT","Red hind",27,"Sensitivity"
"Other stressors",2,"filecde068ad52cd.xlsx","OT","Red hind",28,"Sensitivity"
"Population growth rate",2.6,"filecde068ad52cd.xlsx","OT","Red hind",30,"Rigidity"
"Mobility and dispersal or early life stages",2,"filecde068ad52cd.xlsx","OT","Red hind",31,"Rigidity"
"Adult mobility",2,"filecde068ad52cd.xlsx","OT","Red hind",32,"Rigidity"
"Spawning characteristics",3,"filecde068ad52cd.xlsx","OT","Red hind",33,"Rigidity"
"Predation and competition dynamics",1.8,"filecde068ad52cd.xlsx","OT","Red hind",34,"Rigidity"
"Genetic diversity",2.4,"filecde068ad52cd.xlsx","OT","Red hind",35,"Rigidity"
"Sargassum influx",1.4,"filecde068ad52cd.xlsx","OT","Sea cucumbers",17,"Qualitative Exposure Factors"
"Habitat specificity",1.6,"filecde068ad52cd.xlsx","OT","Sea cucumbers",21,"Sensitivity"
"Prey specificity",1,"filecde068ad52cd.xlsx","OT","Sea cucumbers",22,"Sensitivity"
"Tolerance to ocean acidification",3,"filecde068ad52cd.xlsx","OT","Sea cucumbers",23,"Sensitivity"
"Complexity in reproductive strategy",3,"filecde068ad52cd.xlsx","OT","Sea cucumbers",24,"Sensitivity"
"Species range",1.4,"filecde068ad52cd.xlsx","OT","Sea cucumbers",25,"Sensitivity"
"Specificity in early life history requirements",2.4,"filecde068ad52cd.xlsx","OT","Sea cucumbers",26,"Sensitivity"
"Stock size/status",2.2,"filecde068ad52cd.xlsx","OT","Sea cucumbers",27,"Sensitivity"
"Other stressors",2.2,"filecde068ad52cd.xlsx","OT","Sea cucumbers",28,"Sensitivity"
"Population growth rate",2.2,"filecde068ad52cd.xlsx","OT","Sea cucumbers",30,"Rigidity"
"Mobility and dispersal or early life stages",2.6,"filecde068ad52cd.xlsx","OT","Sea cucumbers",31,"Rigidity"
"Adult mobility",3.2,"filecde068ad52cd.xlsx","OT","Sea cucumbers",32,"Rigidity"
"Spawning characteristics",2.6,"filecde068ad52cd.xlsx","OT","Sea cucumbers",33,"Rigidity"
"Predation and competition dynamics",2.2,"filecde068ad52cd.xlsx","OT","Sea cucumbers",34,"Rigidity"
"Genetic diversity",2.2,"filecde068ad52cd.xlsx","OT","Sea cucumbers",35,"Rigidity"
"Sargassum influx",1.6,"filecde077ac871.xlsx","RA","Blue runner",17,"Qualitative Exposure Factors"
"Thermocline depth",1.4,"filecde077ac871.xlsx","RA","Blue runner",18,"Qualitative Exposure Factors"
"Habitat specificity",1.6,"filecde077ac871.xlsx","RA","Blue runner",21,"Sensitivity"
"Prey specificity",1.4,"filecde077ac871.xlsx","RA","Blue runner",22,"Sensitivity"
"Tolerance to ocean acidification",2,"filecde077ac871.xlsx","RA","Blue runner",23,"Sensitivity"
"Complexity in reproductive strategy",1,"filecde077ac871.xlsx","RA","Blue runner",24,"Sensitivity"
"Species range",3,"filecde077ac871.xlsx","RA","Blue runner",25,"Sensitivity"
"Specificity in early life history requirements",3,"filecde077ac871.xlsx","RA","Blue runner",26,"Sensitivity"
"Stock size/status",1.4,"filecde077ac871.xlsx","RA","Blue runner",27,"Sensitivity"
"Other stressors",1.2,"filecde077ac871.xlsx","RA","Blue runner",28,"Sensitivity"
"Population growth rate",1.8,"filecde077ac871.xlsx","RA","Blue runner",30,"Rigidity"
"Mobility and dispersal or early life stages",2,"filecde077ac871.xlsx","RA","Blue runner",31,"Rigidity"
"Adult mobility",2,"filecde077ac871.xlsx","RA","Blue runner",32,"Rigidity"
"Spawning characteristics",2.6,"filecde077ac871.xlsx","RA","Blue runner",33,"Rigidity"
"Predation and competition dynamics",1.6,"filecde077ac871.xlsx","RA","Blue runner",34,"Rigidity"
"Genetic diversity",1.2,"filecde077ac871.xlsx","RA","Blue runner",35,"Rigidity"
"Sargassum influx",1.6,"filecde077ac871.xlsx","RA","King mackerel",17,"Qualitative Exposure Factors"
"Thermocline depth",1.4,"filecde077ac871.xlsx","RA","King mackerel",18,"Qualitative Exposure Factors"
"Habitat specificity",1,"filecde077ac871.xlsx","RA","King mackerel",21,"Sensitivity"
"Prey specificity",1.2,"filecde077ac871.xlsx","RA","King mackerel",22,"Sensitivity"
"Tolerance to ocean acidification",2,"filecde077ac871.xlsx","RA","King mackerel",23,"Sensitivity"
"Complexity in reproductive strategy",1,"filecde077ac871.xlsx","RA","King mackerel",24,"Sensitivity"
"Species range",2.8,"filecde077ac871.xlsx","RA","King mackerel",25,"Sensitivity"
"Specificity in early life history requirements",3,"filecde077ac871.xlsx","RA","King mackerel",26,"Sensitivity"
"Stock size/status",1.4,"filecde077ac871.xlsx","RA","King mackerel",27,"Sensitivity"
"Other stressors",1.2,"filecde077ac871.xlsx","RA","King mackerel",28,"Sensitivity"
"Population growth rate",1.6,"filecde077ac871.xlsx","RA","King mackerel",30,"Rigidity"
"Mobility and dispersal or early life stages",3,"filecde077ac871.xlsx","RA","King mackerel",31,"Rigidity"
"Adult mobility",2,"filecde077ac871.xlsx","RA","King mackerel",32,"Rigidity"
"Spawning characteristics",2.6,"filecde077ac871.xlsx","RA","King mackerel",33,"Rigidity"
"Predation and competition dynamics",1.6,"filecde077ac871.xlsx","RA","King mackerel",34,"Rigidity"
"Genetic diversity",1.2,"filecde077ac871.xlsx","RA","King mackerel",35,"Rigidity"
"Sargassum influx",1.2,"filecde077ac871.xlsx","RA","Queen conch",17,"Qualitative Exposure Factors"
"Habitat specificity",1.4,"filecde077ac871.xlsx","RA","Queen conch",21,"Sensitivity"
"Prey specificity",1,"filecde077ac871.xlsx","RA","Queen conch",22,"Sensitivity"
"Tolerance to ocean acidification",4,"filecde077ac871.xlsx","RA","Queen conch",23,"Sensitivity"
"Complexity in reproductive strategy",3.8,"filecde077ac871.xlsx","RA","Queen conch",24,"Sensitivity"
"Species range",3,"filecde077ac871.xlsx","RA","Queen conch",25,"Sensitivity"
"Specificity in early life history requirements",2.6,"filecde077ac871.xlsx","RA","Queen conch",26,"Sensitivity"
"Stock size/status",2.6,"filecde077ac871.xlsx","RA","Queen conch",27,"Sensitivity"
"Other stressors",2.4,"filecde077ac871.xlsx","RA","Queen conch",28,"Sensitivity"
"Population growth rate",2.6,"filecde077ac871.xlsx","RA","Queen conch",30,"Rigidity"
"Mobility and dispersal or early life stages",2,"filecde077ac871.xlsx","RA","Queen conch",31,"Rigidity"
"Adult mobility",2.8,"filecde077ac871.xlsx","RA","Queen conch",32,"Rigidity"
"Spawning characteristics",2.6,"filecde077ac871.xlsx","RA","Queen conch",33,"Rigidity"
"Predation and competition dynamics",2.8,"filecde077ac871.xlsx","RA","Queen conch",34,"Rigidity"
"Genetic diversity",2.4,"filecde077ac871.xlsx","RA","Queen conch",35,"Rigidity"
"Sargassum influx",1.6,"filecde077ac871.xlsx","RA","Red grouper",17,"Qualitative Exposure Factors"
"Thermocline depth",1.2,"filecde077ac871.xlsx","RA","Red grouper",18,"Qualitative Exposure Factors"
"Habitat specificity",2.8,"filecde077ac871.xlsx","RA","Red grouper",21,"Sensitivity"
"Prey specificity",1.4,"filecde077ac871.xlsx","RA","Red grouper",22,"Sensitivity"
"Tolerance to ocean acidification",2.6,"filecde077ac871.xlsx","RA","Red grouper",23,"Sensitivity"
"Complexity in reproductive strategy",2.4,"filecde077ac871.xlsx","RA","Red grouper",24,"Sensitivity"
"Species range",2.8,"filecde077ac871.xlsx","RA","Red grouper",25,"Sensitivity"
"Specificity in early life history requirements",2.6,"filecde077ac871.xlsx","RA","Red grouper",26,"Sensitivity"
"Stock size/status",3.2,"filecde077ac871.xlsx","RA","Red grouper",27,"Sensitivity"
"Other stressors",1,"filecde077ac871.xlsx","RA","Red grouper",28,"Sensitivity"
"Population growth rate",3.8,"filecde077ac871.xlsx","RA","Red grouper",30,"Rigidity"
"Mobility and dispersal or early life stages",2,"filecde077ac871.xlsx","RA","Red grouper",31,"Rigidity"
"Adult mobility",1.4,"filecde077ac871.xlsx","RA","Red grouper",32,"Rigidity"
"Spawning characteristics",2.8,"filecde077ac871.xlsx","RA","Red grouper",33,"Rigidity"
"Predation and competition dynamics",1.4,"filecde077ac871.xlsx","RA","Red grouper",34,"Rigidity"
"Genetic diversity",1,"filecde077ac871.xlsx","RA","Red grouper",35,"Rigidity"
"Sargassum influx",1.8,"filecde077ac871.xlsx","RA","Sea cucumbers",17,"Qualitative Exposure Factors"
"Habitat specificity",2.4,"filecde077ac871.xlsx","RA","Sea cucumbers",21,"Sensitivity"
"Prey specificity",1,"filecde077ac871.xlsx","RA","Sea cucumbers",22,"Sensitivity"
"Tolerance to ocean acidification",3.6,"filecde077ac871.xlsx","RA","Sea cucumbers",23,"Sensitivity"
"Complexity in reproductive strategy",2,"filecde077ac871.xlsx","RA","Sea cucumbers",24,"Sensitivity"
"Species range",1.6,"filecde077ac871.xlsx","RA","Sea cucumbers",25,"Sensitivity"
"Specificity in early life history requirements",1.6,"filecde077ac871.xlsx","RA","Sea cucumbers",26,"Sensitivity"
"Stock size/status",2.4,"filecde077ac871.xlsx","RA","Sea cucumbers",27,"Sensitivity"
"Other stressors",1.8,"filecde077ac871.xlsx","RA","Sea cucumbers",28,"Sensitivity"
"Population growth rate",2.6,"filecde077ac871.xlsx","RA","Sea cucumbers",30,"Rigidity"
"Mobility and dispersal or early life stages",2,"filecde077ac871.xlsx","RA","Sea cucumbers",31,"Rigidity"
"Adult mobility",3,"filecde077ac871.xlsx","RA","Sea cucumbers",32,"Rigidity"
"Spawning characteristics",3,"filecde077ac871.xlsx","RA","Sea cucumbers",33,"Rigidity"
"Predation and competition dynamics",1.8,"filecde077ac871.xlsx","RA","Sea cucumbers",34,"Rigidity"
"Genetic diversity",2.4,"filecde077ac871.xlsx","RA","Sea cucumbers",35,"Rigidity"
"Sargassum influx",2,"filecde077ac871.xlsx","RA","Yellowfin grouper",17,"Qualitative Exposure Factors"
"Thermocline depth",1.4,"filecde077ac871.xlsx","RA","Yellowfin grouper",18,"Qualitative Exposure Factors"
"Habitat specificity",3,"filecde077ac871.xlsx","RA","Yellowfin grouper",21,"Sensitivity"
"Prey specificity",2,"filecde077ac871.xlsx","RA","Yellowfin grouper",22,"Sensitivity"
"Tolerance to ocean acidification",2.6,"filecde077ac871.xlsx","RA","Yellowfin grouper",23,"Sensitivity"
"Complexity in reproductive strategy",2,"filecde077ac871.xlsx","RA","Yellowfin grouper",24,"Sensitivity"
"Species range",1.6,"filecde077ac871.xlsx","RA","Yellowfin grouper",25,"Sensitivity"
"Specificity in early life history requirements",1.6,"filecde077ac871.xlsx","RA","Yellowfin grouper",26,"Sensitivity"
"Stock size/status",2.2,"filecde077ac871.xlsx","RA","Yellowfin grouper",27,"Sensitivity"
"Other stressors",2,"filecde077ac871.xlsx","RA","Yellowfin grouper",28,"Sensitivity"
"Population growth rate",3.6,"filecde077ac871.xlsx","RA","Yellowfin grouper",30,"Rigidity"
"Mobility and dispersal or early life stages",2,"filecde077ac871.xlsx","RA","Yellowfin grouper",31,"Rigidity"
"Adult mobility",1.6,"filecde077ac871.xlsx","RA","Yellowfin grouper",32,"Rigidity"
"Spawning characteristics",3,"filecde077ac871.xlsx","RA","Yellowfin grouper",33,"Rigidity"
"Predation and competition dynamics",2.8,"filecde077ac871.xlsx","RA","Yellowfin grouper",34,"Rigidity"
"Genetic diversity",2.8,"filecde077ac871.xlsx","RA","Yellowfin grouper",35,"Rigidity"
"Sargassum influx",3,"filecde0363d4a77.xlsx","RE","Lane snapper",17,"Qualitative Exposure Factors"
"Habitat specificity",1.8,"filecde0363d4a77.xlsx","RE","Lane snapper",21,"Sensitivity"
"Prey specificity",2,"filecde0363d4a77.xlsx","RE","Lane snapper",22,"Sensitivity"
"Tolerance to ocean acidification",3,"filecde0363d4a77.xlsx","RE","Lane snapper",23,"Sensitivity"
"Complexity in reproductive strategy",4,"filecde0363d4a77.xlsx","RE","Lane snapper",24,"Sensitivity"
"Species range",1,"filecde0363d4a77.xlsx","RE","Lane snapper",25,"Sensitivity"
"Specificity in early life history requirements",2.2,"filecde0363d4a77.xlsx","RE","Lane snapper",26,"Sensitivity"
"Stock size/status",2.4,"filecde0363d4a77.xlsx","RE","Lane snapper",27,"Sensitivity"
"Other stressors",4,"filecde0363d4a77.xlsx","RE","Lane snapper",28,"Sensitivity"
"Population growth rate",3,"filecde0363d4a77.xlsx","RE","Lane snapper",30,"Rigidity"
"Mobility and dispersal or early life stages",1.2,"filecde0363d4a77.xlsx","RE","Lane snapper",31,"Rigidity"
"Adult mobility",2,"filecde0363d4a77.xlsx","RE","Lane snapper",32,"Rigidity"
"Spawning characteristics",3,"filecde0363d4a77.xlsx","RE","Lane snapper",33,"Rigidity"
"Predation and competition dynamics",2,"filecde0363d4a77.xlsx","RE","Lane snapper",34,"Rigidity"
"Genetic diversity",1,"filecde0363d4a77.xlsx","RE","Lane snapper",35,"Rigidity"
"Sargassum influx",3,"filecde0363d4a77.xlsx","RE","Mutton snapper",17,"Qualitative Exposure Factors"
"Habitat specificity",2.2,"filecde0363d4a77.xlsx","RE","Mutton snapper",21,"Sensitivity"
"Prey specificity",2,"filecde0363d4a77.xlsx","RE","Mutton snapper",22,"Sensitivity"
"Tolerance to ocean acidification",3,"filecde0363d4a77.xlsx","RE","Mutton snapper",23,"Sensitivity"
"Complexity in reproductive strategy",4,"filecde0363d4a77.xlsx","RE","Mutton snapper",24,"Sensitivity"
"Species range",1,"filecde0363d4a77.xlsx","RE","Mutton snapper",25,"Sensitivity"
"Specificity in early life history requirements",2.8,"filecde0363d4a77.xlsx","RE","Mutton snapper",26,"Sensitivity"
"Stock size/status",2.4,"filecde0363d4a77.xlsx","RE","Mutton snapper",27,"Sensitivity"
"Other stressors",2,"filecde0363d4a77.xlsx","RE","Mutton snapper",28,"Sensitivity"
"Population growth rate",3,"filecde0363d4a77.xlsx","RE","Mutton snapper",30,"Rigidity"
"Mobility and dispersal or early life stages",1.2,"filecde0363d4a77.xlsx","RE","Mutton snapper",31,"Rigidity"
"Adult mobility",2,"filecde0363d4a77.xlsx","RE","Mutton snapper",32,"Rigidity"
"Spawning characteristics",4,"filecde0363d4a77.xlsx","RE","Mutton snapper",33,"Rigidity"
"Predation and competition dynamics",2,"filecde0363d4a77.xlsx","RE","Mutton snapper",34,"Rigidity"
"Genetic diversity",2,"filecde0363d4a77.xlsx","RE","Mutton snapper",35,"Rigidity"
"Sargassum influx",4,"filecde0363d4a77.xlsx","RE","Rainbow parrotfish",17,"Qualitative Exposure Factors"
"Thermocline depth",2,"filecde0363d4a77.xlsx","RE","Rainbow parrotfish",18,"Qualitative Exposure Factors"
"Habitat specificity",2.2,"filecde0363d4a77.xlsx","RE","Rainbow parrotfish",21,"Sensitivity"
"Prey specificity",3,"filecde0363d4a77.xlsx","RE","Rainbow parrotfish",22,"Sensitivity"
"Tolerance to ocean acidification",3.8,"filecde0363d4a77.xlsx","RE","Rainbow parrotfish",23,"Sensitivity"
"Complexity in reproductive strategy",2.6,"filecde0363d4a77.xlsx","RE","Rainbow parrotfish",24,"Sensitivity"
"Species range",2.2,"filecde0363d4a77.xlsx","RE","Rainbow parrotfish",25,"Sensitivity"
"Specificity in early life history requirements",3.4,"filecde0363d4a77.xlsx","RE","Rainbow parrotfish",26,"Sensitivity"
"Stock size/status",2,"filecde0363d4a77.xlsx","RE","Rainbow parrotfish",27,"Sensitivity"
"Other stressors",4,"filecde0363d4a77.xlsx","RE","Rainbow parrotfish",28,"Sensitivity"
"Population growth rate",2,"filecde0363d4a77.xlsx","RE","Rainbow parrotfish",30,"Rigidity"
"Mobility and dispersal or early life stages",2.4,"filecde0363d4a77.xlsx","RE","Rainbow parrotfish",31,"Rigidity"
"Adult mobility",3.4,"filecde0363d4a77.xlsx","RE","Rainbow parrotfish",32,"Rigidity"
"Spawning characteristics",1.8,"filecde0363d4a77.xlsx","RE","Rainbow parrotfish",33,"Rigidity"
"Predation and competition dynamics",1.8,"filecde0363d4a77.xlsx","RE","Rainbow parrotfish",34,"Rigidity"
"Genetic diversity",2.4,"filecde0363d4a77.xlsx","RE","Rainbow parrotfish",35,"Rigidity"
"Habitat specificity",1.2,"filecde0363d4a77.xlsx","RE","Silk snapper",21,"Sensitivity"
"Prey specificity",1.8,"filecde0363d4a77.xlsx","RE","Silk snapper",22,"Sensitivity"
"Tolerance to ocean acidification",1.2,"filecde0363d4a77.xlsx","RE","Silk snapper",23,"Sensitivity"
"Complexity in reproductive strategy",2.2,"filecde0363d4a77.xlsx","RE","Silk snapper",24,"Sensitivity"
"Species range",1.8,"filecde0363d4a77.xlsx","RE","Silk snapper",25,"Sensitivity"
"Specificity in early life history requirements",2.4,"filecde0363d4a77.xlsx","RE","Silk snapper",26,"Sensitivity"
"Stock size/status",2.6,"filecde0363d4a77.xlsx","RE","Silk snapper",27,"Sensitivity"
"Other stressors",2.2,"filecde0363d4a77.xlsx","RE","Silk snapper",28,"Sensitivity"
"Population growth rate",1.8,"filecde0363d4a77.xlsx","RE","Silk snapper",30,"Rigidity"
"Mobility and dispersal or early life stages",1.2,"filecde0363d4a77.xlsx","RE","Silk snapper",31,"Rigidity"
"Adult mobility",1.2,"filecde0363d4a77.xlsx","RE","Silk snapper",32,"Rigidity"
"Spawning characteristics",1.2,"filecde0363d4a77.xlsx","RE","Silk snapper",33,"Rigidity"
"Predation and competition dynamics",1.4,"filecde0363d4a77.xlsx","RE","Silk snapper",34,"Rigidity"
"Genetic diversity",1.2,"filecde0363d4a77.xlsx","RE","Silk snapper",35,"Rigidity"
"Sargassum influx",4,"filecde0363d4a77.xlsx","RE","Stoplight parrotfish",17,"Qualitative Exposure Factors"
"Thermocline depth",2,"filecde0363d4a77.xlsx","RE","Stoplight parrotfish",18,"Qualitative Exposure Factors"
"Habitat specificity",2,"filecde0363d4a77.xlsx","RE","Stoplight parrotfish",21,"Sensitivity"
"Prey specificity",2,"filecde0363d4a77.xlsx","RE","Stoplight parrotfish",22,"Sensitivity"
"Tolerance to ocean acidification",3.8,"filecde0363d4a77.xlsx","RE","Stoplight parrotfish",23,"Sensitivity"
"Complexity in reproductive strategy",2.6,"filecde0363d4a77.xlsx","RE","Stoplight parrotfish",24,"Sensitivity"
"Species range",2.2,"filecde0363d4a77.xlsx","RE","Stoplight parrotfish",25,"Sensitivity"
"Specificity in early life history requirements",3.4,"filecde0363d4a77.xlsx","RE","Stoplight parrotfish",26,"Sensitivity"
"Stock size/status",2,"filecde0363d4a77.xlsx","RE","Stoplight parrotfish",27,"Sensitivity"
"Other stressors",4,"filecde0363d4a77.xlsx","RE","Stoplight parrotfish",28,"Sensitivity"
"Population growth rate",2,"filecde0363d4a77.xlsx","RE","Stoplight parrotfish",30,"Rigidity"
"Mobility and dispersal or early life stages",2.4,"filecde0363d4a77.xlsx","RE","Stoplight parrotfish",31,"Rigidity"
"Adult mobility",2.2,"filecde0363d4a77.xlsx","RE","Stoplight parrotfish",32,"Rigidity"
"Spawning characteristics",1.8,"filecde0363d4a77.xlsx","RE","Stoplight parrotfish",33,"Rigidity"
"Predation and competition dynamics",1.8,"filecde0363d4a77.xlsx","RE","Stoplight parrotfish",34,"Rigidity"
"Genetic diversity",1.8,"filecde0363d4a77.xlsx","RE","Stoplight parrotfish",35,"Rigidity"
"Sargassum influx",3,"filecde0363d4a77.xlsx","RE","Yellowtail snapper",17,"Qualitative Exposure Factors"
"Habitat specificity",2.2,"filecde0363d4a77.xlsx","RE","Yellowtail snapper",21,"Sensitivity"
"Prey specificity",2,"filecde0363d4a77.xlsx","RE","Yellowtail snapper",22,"Sensitivity"
"Tolerance to ocean acidification",3,"filecde0363d4a77.xlsx","RE","Yellowtail snapper",23,"Sensitivity"
"Complexity in reproductive strategy",2.4,"filecde0363d4a77.xlsx","RE","Yellowtail snapper",24,"Sensitivity"
"Species range",1,"filecde0363d4a77.xlsx","RE","Yellowtail snapper",25,"Sensitivity"
"Specificity in early life history requirements",2.2,"filecde0363d4a77.xlsx","RE","Yellowtail snapper",26,"Sensitivity"
"Stock size/status",2.4,"filecde0363d4a77.xlsx","RE","Yellowtail snapper",27,"Sensitivity"
"Other stressors",2,"filecde0363d4a77.xlsx","RE","Yellowtail snapper",28,"Sensitivity"
"Population growth rate",2,"filecde0363d4a77.xlsx","RE","Yellowtail snapper",30,"Rigidity"
"Mobility and dispersal or early life stages",1.2,"filecde0363d4a77.xlsx","RE","Yellowtail snapper",31,"Rigidity"
"Adult mobility",2,"filecde0363d4a77.xlsx","RE","Yellowtail snapper",32,"Rigidity"
"Spawning characteristics",2.2,"filecde0363d4a77.xlsx","RE","Yellowtail snapper",33,"Rigidity"
"Predation and competition dynamics",2,"filecde0363d4a77.xlsx","RE","Yellowtail snapper",34,"Rigidity"
"Genetic diversity",1,"filecde0363d4a77.xlsx","RE","Yellowtail snapper",35,"Rigidity"
"Sargassum influx",2.4,"filecde02b704b81.xlsx","RG","Atlantic thread herring",17,"Qualitative Exposure Factors"
"Habitat specificity",1.6,"filecde02b704b81.xlsx","RG","Atlantic thread herring",21,"Sensitivity"
"Prey specificity",2.6,"filecde02b704b81.xlsx","RG","Atlantic thread herring",22,"Sensitivity"
"Tolerance to ocean acidification",2.6,"filecde02b704b81.xlsx","RG","Atlantic thread herring",23,"Sensitivity"
"Complexity in reproductive strategy",1.4,"filecde02b704b81.xlsx","RG","Atlantic thread herring",24,"Sensitivity"
"Species range",1.6,"filecde02b704b81.xlsx","RG","Atlantic thread herring",25,"Sensitivity"
"Specificity in early life history requirements",2.6,"filecde02b704b81.xlsx","RG","Atlantic thread herring",26,"Sensitivity"
"Stock size/status",2.6,"filecde02b704b81.xlsx","RG","Atlantic thread herring",27,"Sensitivity"
"Other stressors",2.6,"filecde02b704b81.xlsx","RG","Atlantic thread herring",28,"Sensitivity"
"Population growth rate",1.4,"filecde02b704b81.xlsx","RG","Atlantic thread herring",30,"Rigidity"
"Mobility and dispersal or early life stages",2.4,"filecde02b704b81.xlsx","RG","Atlantic thread herring",31,"Rigidity"
"Adult mobility",1.6,"filecde02b704b81.xlsx","RG","Atlantic thread herring",32,"Rigidity"
"Spawning characteristics",1.6,"filecde02b704b81.xlsx","RG","Atlantic thread herring",33,"Rigidity"
"Predation and competition dynamics",2.4,"filecde02b704b81.xlsx","RG","Atlantic thread herring",34,"Rigidity"
"Genetic diversity",1.2,"filecde02b704b81.xlsx","RG","Atlantic thread herring",35,"Rigidity"
"Sargassum influx",3.2,"filecde02b704b81.xlsx","RG","Ballyhoo",17,"Qualitative Exposure Factors"
"Habitat specificity",1.4,"filecde02b704b81.xlsx","RG","Ballyhoo",21,"Sensitivity"
"Prey specificity",1.4,"filecde02b704b81.xlsx","RG","Ballyhoo",22,"Sensitivity"
"Tolerance to ocean acidification",1.2,"filecde02b704b81.xlsx","RG","Ballyhoo",23,"Sensitivity"
"Complexity in reproductive strategy",1.2,"filecde02b704b81.xlsx","RG","Ballyhoo",24,"Sensitivity"
"Species range",2.6,"filecde02b704b81.xlsx","RG","Ballyhoo",25,"Sensitivity"
"Specificity in early life history requirements",2.6,"filecde02b704b81.xlsx","RG","Ballyhoo",26,"Sensitivity"
"Stock size/status",2.6,"filecde02b704b81.xlsx","RG","Ballyhoo",27,"Sensitivity"
"Other stressors",2.6,"filecde02b704b81.xlsx","RG","Ballyhoo",28,"Sensitivity"
"Population growth rate",1.4,"filecde02b704b81.xlsx","RG","Ballyhoo",30,"Rigidity"
"Mobility and dispersal or early life stages",1.6,"filecde02b704b81.xlsx","RG","Ballyhoo",31,"Rigidity"
"Adult mobility",1.6,"filecde02b704b81.xlsx","RG","Ballyhoo",32,"Rigidity"
"Spawning characteristics",1.6,"filecde02b704b81.xlsx","RG","Ballyhoo",33,"Rigidity"
"Predation and competition dynamics",2.4,"filecde02b704b81.xlsx","RG","Ballyhoo",34,"Rigidity"
"Genetic diversity",1.2,"filecde02b704b81.xlsx","RG","Ballyhoo",35,"Rigidity"
"Sargassum influx",3.4,"filecde02b704b81.xlsx","RG","Dolphinfish",17,"Qualitative Exposure Factors"
"Thermocline depth",3.4,"filecde02b704b81.xlsx","RG","Dolphinfish",18,"Qualitative Exposure Factors"
"Habitat specificity",2.6,"filecde02b704b81.xlsx","RG","Dolphinfish",21,"Sensitivity"
"Prey specificity",1.4,"filecde02b704b81.xlsx","RG","Dolphinfish",22,"Sensitivity"
"Tolerance to ocean acidification",1,"filecde02b704b81.xlsx","RG","Dolphinfish",23,"Sensitivity"
"Complexity in reproductive strategy",2.4,"filecde02b704b81.xlsx","RG","Dolphinfish",24,"Sensitivity"
"Species range",3.6,"filecde02b704b81.xlsx","RG","Dolphinfish",25,"Sensitivity"
"Specificity in early life history requirements",1.6,"filecde02b704b81.xlsx","RG","Dolphinfish",26,"Sensitivity"
"Stock size/status",1.6,"filecde02b704b81.xlsx","RG","Dolphinfish",27,"Sensitivity"
"Other stressors",1.2,"filecde02b704b81.xlsx","RG","Dolphinfish",28,"Sensitivity"
"Population growth rate",1.4,"filecde02b704b81.xlsx","RG","Dolphinfish",30,"Rigidity"
"Mobility and dispersal or early life stages",2.4,"filecde02b704b81.xlsx","RG","Dolphinfish",31,"Rigidity"
"Adult mobility",1.4,"filecde02b704b81.xlsx","RG","Dolphinfish",32,"Rigidity"
"Spawning characteristics",1.4,"filecde02b704b81.xlsx","RG","Dolphinfish",33,"Rigidity"
"Predation and competition dynamics",1.6,"filecde02b704b81.xlsx","RG","Dolphinfish",34,"Rigidity"
"Genetic diversity",1.2,"filecde02b704b81.xlsx","RG","Dolphinfish",35,"Rigidity"
"Sargassum influx",3,"filecde02b704b81.xlsx","RG","King mackerel",17,"Qualitative Exposure Factors"
"Thermocline depth",2.6,"filecde02b704b81.xlsx","RG","King mackerel",18,"Qualitative Exposure Factors"
"Habitat specificity",1.6,"filecde02b704b81.xlsx","RG","King mackerel",21,"Sensitivity"
"Prey specificity",1.6,"filecde02b704b81.xlsx","RG","King mackerel",22,"Sensitivity"
"Tolerance to ocean acidification",1.2,"filecde02b704b81.xlsx","RG","King mackerel",23,"Sensitivity"
"Complexity in reproductive strategy",1.2,"filecde02b704b81.xlsx","RG","King mackerel",24,"Sensitivity"
"Species range",3.2,"filecde02b704b81.xlsx","RG","King mackerel",25,"Sensitivity"
"Specificity in early life history requirements",2.6,"filecde02b704b81.xlsx","RG","King mackerel",26,"Sensitivity"
"Stock size/status",2.6,"filecde02b704b81.xlsx","RG","King mackerel",27,"Sensitivity"
"Other stressors",2.6,"filecde02b704b81.xlsx","RG","King mackerel",28,"Sensitivity"
"Population growth rate",1.4,"filecde02b704b81.xlsx","RG","King mackerel",30,"Rigidity"
"Mobility and dispersal or early life stages",1.6,"filecde02b704b81.xlsx","RG","King mackerel",31,"Rigidity"
"Adult mobility",1.2,"filecde02b704b81.xlsx","RG","King mackerel",32,"Rigidity"
"Spawning characteristics",2.6,"filecde02b704b81.xlsx","RG","King mackerel",33,"Rigidity"
"Predation and competition dynamics",1.6,"filecde02b704b81.xlsx","RG","King mackerel",34,"Rigidity"
"Genetic diversity",1.2,"filecde02b704b81.xlsx","RG","King mackerel",35,"Rigidity"
"Habitat specificity",2.4,"filecde02b704b81.xlsx","RG","Queen snapper",21,"Sensitivity"
"Prey specificity",1.8,"filecde02b704b81.xlsx","RG","Queen snapper",22,"Sensitivity"
"Tolerance to ocean acidification",1.8,"filecde02b704b81.xlsx","RG","Queen snapper",23,"Sensitivity"
"Complexity in reproductive strategy",2.2,"filecde02b704b81.xlsx","RG","Queen snapper",24,"Sensitivity"
"Species range",2.4,"filecde02b704b81.xlsx","RG","Queen snapper",25,"Sensitivity"
"Specificity in early life history requirements",1.8,"filecde02b704b81.xlsx","RG","Queen snapper",26,"Sensitivity"
"Stock size/status",1.4,"filecde02b704b81.xlsx","RG","Queen snapper",27,"Sensitivity"
"Other stressors",1.6,"filecde02b704b81.xlsx","RG","Queen snapper",28,"Sensitivity"
"Population growth rate",1.6,"filecde02b704b81.xlsx","RG","Queen snapper",30,"Rigidity"
"Mobility and dispersal or early life stages",1.6,"filecde02b704b81.xlsx","RG","Queen snapper",31,"Rigidity"
"Adult mobility",1.6,"filecde02b704b81.xlsx","RG","Queen snapper",32,"Rigidity"
"Spawning characteristics",1.8,"filecde02b704b81.xlsx","RG","Queen snapper",33,"Rigidity"
"Predation and competition dynamics",2.2,"filecde02b704b81.xlsx","RG","Queen snapper",34,"Rigidity"
"Genetic diversity",1.6,"filecde02b704b81.xlsx","RG","Queen snapper",35,"Rigidity"
"Sargassum influx",3.2,"filecde02b704b81.xlsx","RG","White mullet",17,"Qualitative Exposure Factors"
"Habitat specificity",2.4,"filecde02b704b81.xlsx","RG","White mullet",21,"Sensitivity"
"Prey specificity",1.4,"filecde02b704b81.xlsx","RG","White mullet",22,"Sensitivity"
"Tolerance to ocean acidification",2.8,"filecde02b704b81.xlsx","RG","White mullet",23,"Sensitivity"
"Complexity in reproductive strategy",2.6,"filecde02b704b81.xlsx","RG","White mullet",24,"Sensitivity"
"Species range",3.2,"filecde02b704b81.xlsx","RG","White mullet",25,"Sensitivity"
"Specificity in early life history requirements",2.6,"filecde02b704b81.xlsx","RG","White mullet",26,"Sensitivity"
"Stock size/status",2.6,"filecde02b704b81.xlsx","RG","White mullet",27,"Sensitivity"
"Other stressors",2.6,"filecde02b704b81.xlsx","RG","White mullet",28,"Sensitivity"
"Population growth rate",2.6,"filecde02b704b81.xlsx","RG","White mullet",30,"Rigidity"
"Mobility and dispersal or early life stages",1.6,"filecde02b704b81.xlsx","RG","White mullet",31,"Rigidity"
"Adult mobility",1.6,"filecde02b704b81.xlsx","RG","White mullet",32,"Rigidity"
"Spawning characteristics",1.6,"filecde02b704b81.xlsx","RG","White mullet",33,"Rigidity"
"Predation and competition dynamics",1.6,"filecde02b704b81.xlsx","RG","White mullet",34,"Rigidity"
"Genetic diversity",1.2,"filecde02b704b81.xlsx","RG","White mullet",35,"Rigidity"
"Sargassum influx",1.4,"filecde0477c73b8.xlsx","RL","Gray angelfish",17,"Qualitative Exposure Factors"
"Thermocline depth",1.6,"filecde0477c73b8.xlsx","RL","Gray angelfish",18,"Qualitative Exposure Factors"
"Habitat specificity",3.6,"filecde0477c73b8.xlsx","RL","Gray angelfish",21,"Sensitivity"
"Prey specificity",2.8,"filecde0477c73b8.xlsx","RL","Gray angelfish",22,"Sensitivity"
"Tolerance to ocean acidification",2,"filecde0477c73b8.xlsx","RL","Gray angelfish",23,"Sensitivity"
"Complexity in reproductive strategy",3.2,"filecde0477c73b8.xlsx","RL","Gray angelfish",24,"Sensitivity"
"Species range",1.4,"filecde0477c73b8.xlsx","RL","Gray angelfish",25,"Sensitivity"
"Specificity in early life history requirements",3,"filecde0477c73b8.xlsx","RL","Gray angelfish",26,"Sensitivity"
"Stock size/status",2.8,"filecde0477c73b8.xlsx","RL","Gray angelfish",27,"Sensitivity"
"Other stressors",3.4,"filecde0477c73b8.xlsx","RL","Gray angelfish",28,"Sensitivity"
"Population growth rate",2,"filecde0477c73b8.xlsx","RL","Gray angelfish",30,"Rigidity"
"Mobility and dispersal or early life stages",2.8,"filecde0477c73b8.xlsx","RL","Gray angelfish",31,"Rigidity"
"Adult mobility",3.4,"filecde0477c73b8.xlsx","RL","Gray angelfish",32,"Rigidity"
"Spawning characteristics",3.2,"filecde0477c73b8.xlsx","RL","Gray angelfish",33,"Rigidity"
"Predation and competition dynamics",2.4,"filecde0477c73b8.xlsx","RL","Gray angelfish",34,"Rigidity"
"Genetic diversity",2,"filecde0477c73b8.xlsx","RL","Gray angelfish",35,"Rigidity"
"Sargassum influx",1.4,"filecde0477c73b8.xlsx","RL","Hogfish",17,"Qualitative Exposure Factors"
"Thermocline depth",1.6,"filecde0477c73b8.xlsx","RL","Hogfish",18,"Qualitative Exposure Factors"
"Habitat specificity",3.4,"filecde0477c73b8.xlsx","RL","Hogfish",21,"Sensitivity"
"Prey specificity",2.8,"filecde0477c73b8.xlsx","RL","Hogfish",22,"Sensitivity"
"Tolerance to ocean acidification",2.8,"filecde0477c73b8.xlsx","RL","Hogfish",23,"Sensitivity"
"Complexity in reproductive strategy",3.4,"filecde0477c73b8.xlsx","RL","Hogfish",24,"Sensitivity"
"Species range",1.8,"filecde0477c73b8.xlsx","RL","Hogfish",25,"Sensitivity"
"Specificity in early life history requirements",3.2,"filecde0477c73b8.xlsx","RL","Hogfish",26,"Sensitivity"
"Stock size/status",3.2,"filecde0477c73b8.xlsx","RL","Hogfish",27,"Sensitivity"
"Other stressors",2.4,"filecde0477c73b8.xlsx","RL","Hogfish",28,"Sensitivity"
"Population growth rate",2,"filecde0477c73b8.xlsx","RL","Hogfish",30,"Rigidity"
"Mobility and dispersal or early life stages",3,"filecde0477c73b8.xlsx","RL","Hogfish",31,"Rigidity"
"Adult mobility",3.8,"filecde0477c73b8.xlsx","RL","Hogfish",32,"Rigidity"
"Spawning characteristics",3.2,"filecde0477c73b8.xlsx","RL","Hogfish",33,"Rigidity"
"Predation and competition dynamics",2.6,"filecde0477c73b8.xlsx","RL","Hogfish",34,"Rigidity"
"Genetic diversity",3.6,"filecde0477c73b8.xlsx","RL","Hogfish",35,"Rigidity"
"Sargassum influx",1.4,"filecde0477c73b8.xlsx","RL","Queen triggerfish",17,"Qualitative Exposure Factors"
"Thermocline depth",1.6,"filecde0477c73b8.xlsx","RL","Queen triggerfish",18,"Qualitative Exposure Factors"
"Habitat specificity",3.6,"filecde0477c73b8.xlsx","RL","Queen triggerfish",21,"Sensitivity"
"Prey specificity",2.4,"filecde0477c73b8.xlsx","RL","Queen triggerfish",22,"Sensitivity"
"Tolerance to ocean acidification",2,"filecde0477c73b8.xlsx","RL","Queen triggerfish",23,"Sensitivity"
"Complexity in reproductive strategy",3.2,"filecde0477c73b8.xlsx","RL","Queen triggerfish",24,"Sensitivity"
"Species range",1.4,"filecde0477c73b8.xlsx","RL","Queen triggerfish",25,"Sensitivity"
"Specificity in early life history requirements",3,"filecde0477c73b8.xlsx","RL","Queen triggerfish",26,"Sensitivity"
"Stock size/status",3.6,"filecde0477c73b8.xlsx","RL","Queen triggerfish",27,"Sensitivity"
"Other stressors",3.4,"filecde0477c73b8.xlsx","RL","Queen triggerfish",28,"Sensitivity"
"Population growth rate",2,"filecde0477c73b8.xlsx","RL","Queen triggerfish",30,"Rigidity"
"Mobility and dispersal or early life stages",2.8,"filecde0477c73b8.xlsx","RL","Queen triggerfish",31,"Rigidity"
"Adult mobility",3.8,"filecde0477c73b8.xlsx","RL","Queen triggerfish",32,"Rigidity"
"Spawning characteristics",3.2,"filecde0477c73b8.xlsx","RL","Queen triggerfish",33,"Rigidity"
"Predation and competition dynamics",2.4,"filecde0477c73b8.xlsx","RL","Queen triggerfish",34,"Rigidity"
"Genetic diversity",1.4,"filecde0477c73b8.xlsx","RL","Queen triggerfish",35,"Rigidity"
"Sargassum influx",2,"filecde0477c73b8.xlsx","RL","Rainbow parrotfish",17,"Qualitative Exposure Factors"
"Thermocline depth",2,"filecde0477c73b8.xlsx","RL","Rainbow parrotfish",18,"Qualitative Exposure Factors"
"Habitat specificity",3.4,"filecde0477c73b8.xlsx","RL","Rainbow parrotfish",21,"Sensitivity"
"Prey specificity",3,"filecde0477c73b8.xlsx","RL","Rainbow parrotfish",22,"Sensitivity"
"Tolerance to ocean acidification",3.4,"filecde0477c73b8.xlsx","RL","Rainbow parrotfish",23,"Sensitivity"
"Complexity in reproductive strategy",3.2,"filecde0477c73b8.xlsx","RL","Rainbow parrotfish",24,"Sensitivity"
"Species range",3.6,"filecde0477c73b8.xlsx","RL","Rainbow parrotfish",25,"Sensitivity"
"Specificity in early life history requirements",3.2,"filecde0477c73b8.xlsx","RL","Rainbow parrotfish",26,"Sensitivity"
"Stock size/status",3.6,"filecde0477c73b8.xlsx","RL","Rainbow parrotfish",27,"Sensitivity"
"Other stressors",3.6,"filecde0477c73b8.xlsx","RL","Rainbow parrotfish",28,"Sensitivity"
"Population growth rate",2.8,"filecde0477c73b8.xlsx","RL","Rainbow parrotfish",30,"Rigidity"
"Mobility and dispersal or early life stages",2.8,"filecde0477c73b8.xlsx","RL","Rainbow parrotfish",31,"Rigidity"
"Adult mobility",3.8,"filecde0477c73b8.xlsx","RL","Rainbow parrotfish",32,"Rigidity"
"Spawning characteristics",3.2,"filecde0477c73b8.xlsx","RL","Rainbow parrotfish",33,"Rigidity"
"Predation and competition dynamics",2.6,"filecde0477c73b8.xlsx","RL","Rainbow parrotfish",34,"Rigidity"
"Genetic diversity",1.6,"filecde0477c73b8.xlsx","RL","Rainbow parrotfish",35,"Rigidity"
"Habitat specificity",3,"filecde0477c73b8.xlsx","RL","Silk snapper",21,"Sensitivity"
"Prey specificity",2.8,"filecde0477c73b8.xlsx","RL","Silk snapper",22,"Sensitivity"
"Tolerance to ocean acidification",2,"filecde0477c73b8.xlsx","RL","Silk snapper",23,"Sensitivity"
"Complexity in reproductive strategy",2.4,"filecde0477c73b8.xlsx","RL","Silk snapper",24,"Sensitivity"
"Species range",1.4,"filecde0477c73b8.xlsx","RL","Silk snapper",25,"Sensitivity"
"Specificity in early life history requirements",3.4,"filecde0477c73b8.xlsx","RL","Silk snapper",26,"Sensitivity"
"Stock size/status",3.4,"filecde0477c73b8.xlsx","RL","Silk snapper",27,"Sensitivity"
"Other stressors",3.4,"filecde0477c73b8.xlsx","RL","Silk snapper",28,"Sensitivity"
"Population growth rate",2,"filecde0477c73b8.xlsx","RL","Silk snapper",30,"Rigidity"
"Mobility and dispersal or early life stages",2.8,"filecde0477c73b8.xlsx","RL","Silk snapper",31,"Rigidity"
"Adult mobility",3.8,"filecde0477c73b8.xlsx","RL","Silk snapper",32,"Rigidity"
"Spawning characteristics",3.2,"filecde0477c73b8.xlsx","RL","Silk snapper",33,"Rigidity"
"Predation and competition dynamics",2.4,"filecde0477c73b8.xlsx","RL","Silk snapper",34,"Rigidity"
"Genetic diversity",1.4,"filecde0477c73b8.xlsx","RL","Silk snapper",35,"Rigidity"
"Sargassum influx",2,"filecde0477c73b8.xlsx","RL","Stoplight parrotfish",17,"Qualitative Exposure Factors"
"Thermocline depth",2,"filecde0477c73b8.xlsx","RL","Stoplight parrotfish",18,"Qualitative Exposure Factors"
"Habitat specificity",3,"filecde0477c73b8.xlsx","RL","Stoplight parrotfish",21,"Sensitivity"
"Prey specificity",3,"filecde0477c73b8.xlsx","RL","Stoplight parrotfish",22,"Sensitivity"
"Tolerance to ocean acidification",3,"filecde0477c73b8.xlsx","RL","Stoplight parrotfish",23,"Sensitivity"
"Complexity in reproductive strategy",3.2,"filecde0477c73b8.xlsx","RL","Stoplight parrotfish",24,"Sensitivity"
"Species range",3,"filecde0477c73b8.xlsx","RL","Stoplight parrotfish",25,"Sensitivity"
"Specificity in early life history requirements",3.2,"filecde0477c73b8.xlsx","RL","Stoplight parrotfish",26,"Sensitivity"
"Stock size/status",3.4,"filecde0477c73b8.xlsx","RL","Stoplight parrotfish",27,"Sensitivity"
"Other stressors",3.6,"filecde0477c73b8.xlsx","RL","Stoplight parrotfish",28,"Sensitivity"
"Population growth rate",2.8,"filecde0477c73b8.xlsx","RL","Stoplight parrotfish",30,"Rigidity"
"Mobility and dispersal or early life stages",2.8,"filecde0477c73b8.xlsx","RL","Stoplight parrotfish",31,"Rigidity"
"Adult mobility",3.8,"filecde0477c73b8.xlsx","RL","Stoplight parrotfish",32,"Rigidity"
"Spawning characteristics",3.2,"filecde0477c73b8.xlsx","RL","Stoplight parrotfish",33,"Rigidity"
"Predation and competition dynamics",2.6,"filecde0477c73b8.xlsx","RL","Stoplight parrotfish",34,"Rigidity"
"Genetic diversity",1.6,"filecde0477c73b8.xlsx","RL","Stoplight parrotfish",35,"Rigidity"
"Sargassum influx",1.4,"filecde014561f0e.xlsx","SK","Misty grouper",17,"Qualitative Exposure Factors"
"Habitat specificity",2.6,"filecde014561f0e.xlsx","SK","Misty grouper",21,"Sensitivity"
"Prey specificity",2.4,"filecde014561f0e.xlsx","SK","Misty grouper",22,"Sensitivity"
"Tolerance to ocean acidification",2.4,"filecde014561f0e.xlsx","SK","Misty grouper",23,"Sensitivity"
"Complexity in reproductive strategy",3.4,"filecde014561f0e.xlsx","SK","Misty grouper",24,"Sensitivity"
"Species range",3.2,"filecde014561f0e.xlsx","SK","Misty grouper",25,"Sensitivity"
"Specificity in early life history requirements",3.2,"filecde014561f0e.xlsx","SK","Misty grouper",26,"Sensitivity"
"Stock size/status",3.8,"filecde014561f0e.xlsx","SK","Misty grouper",27,"Sensitivity"
"Other stressors",2.8,"filecde014561f0e.xlsx","SK","Misty grouper",28,"Sensitivity"
"Population growth rate",3.8,"filecde014561f0e.xlsx","SK","Misty grouper",30,"Rigidity"
"Mobility and dispersal or early life stages",3.4,"filecde014561f0e.xlsx","SK","Misty grouper",31,"Rigidity"
"Adult mobility",2.8,"filecde014561f0e.xlsx","SK","Misty grouper",32,"Rigidity"
"Spawning characteristics",3.6,"filecde014561f0e.xlsx","SK","Misty grouper",33,"Rigidity"
"Predation and competition dynamics",2.8,"filecde014561f0e.xlsx","SK","Misty grouper",34,"Rigidity"
"Genetic diversity",2.4,"filecde014561f0e.xlsx","SK","Misty grouper",35,"Rigidity"
"Sargassum influx",1.8,"filecde014561f0e.xlsx","SK","Mutton snapper",17,"Qualitative Exposure Factors"
"Habitat specificity",2.4,"filecde014561f0e.xlsx","SK","Mutton snapper",21,"Sensitivity"
"Prey specificity",2,"filecde014561f0e.xlsx","SK","Mutton snapper",22,"Sensitivity"
"Tolerance to ocean acidification",2,"filecde014561f0e.xlsx","SK","Mutton snapper",23,"Sensitivity"
"Complexity in reproductive strategy",3,"filecde014561f0e.xlsx","SK","Mutton snapper",24,"Sensitivity"
"Species range",2.2,"filecde014561f0e.xlsx","SK","Mutton snapper",25,"Sensitivity"
"Specificity in early life history requirements",2.4,"filecde014561f0e.xlsx","SK","Mutton snapper",26,"Sensitivity"
"Stock size/status",2,"filecde014561f0e.xlsx","SK","Mutton snapper",27,"Sensitivity"
"Other stressors",2.2,"filecde014561f0e.xlsx","SK","Mutton snapper",28,"Sensitivity"
"Population growth rate",2,"filecde014561f0e.xlsx","SK","Mutton snapper",30,"Rigidity"
"Mobility and dispersal or early life stages",1.6,"filecde014561f0e.xlsx","SK","Mutton snapper",31,"Rigidity"
"Adult mobility",1.6,"filecde014561f0e.xlsx","SK","Mutton snapper",32,"Rigidity"
"Spawning characteristics",3.2,"filecde014561f0e.xlsx","SK","Mutton snapper",33,"Rigidity"
"Predation and competition dynamics",2.4,"filecde014561f0e.xlsx","SK","Mutton snapper",34,"Rigidity"
"Genetic diversity",1.6,"filecde014561f0e.xlsx","SK","Mutton snapper",35,"Rigidity"
"Sargassum influx",2.2,"filecde014561f0e.xlsx","SK","Nassau grouper",17,"Qualitative Exposure Factors"
"Thermocline depth",1.6,"filecde014561f0e.xlsx","SK","Nassau grouper",18,"Qualitative Exposure Factors"
"Habitat specificity",2.4,"filecde014561f0e.xlsx","SK","Nassau grouper",21,"Sensitivity"
"Prey specificity",2.2,"filecde014561f0e.xlsx","SK","Nassau grouper",22,"Sensitivity"
"Tolerance to ocean acidification",2.4,"filecde014561f0e.xlsx","SK","Nassau grouper",23,"Sensitivity"
"Complexity in reproductive strategy",3.8,"filecde014561f0e.xlsx","SK","Nassau grouper",24,"Sensitivity"
"Species range",2.8,"filecde014561f0e.xlsx","SK","Nassau grouper",25,"Sensitivity"
"Specificity in early life history requirements",3,"filecde014561f0e.xlsx","SK","Nassau grouper",26,"Sensitivity"
"Stock size/status",3.8,"filecde014561f0e.xlsx","SK","Nassau grouper",27,"Sensitivity"
"Other stressors",2.4,"filecde014561f0e.xlsx","SK","Nassau grouper",28,"Sensitivity"
"Population growth rate",3.4,"filecde014561f0e.xlsx","SK","Nassau grouper",30,"Rigidity"
"Mobility and dispersal or early life stages",2.4,"filecde014561f0e.xlsx","SK","Nassau grouper",31,"Rigidity"
"Adult mobility",2,"filecde014561f0e.xlsx","SK","Nassau grouper",32,"Rigidity"
"Spawning characteristics",3.2,"filecde014561f0e.xlsx","SK","Nassau grouper",33,"Rigidity"
"Predation and competition dynamics",2,"filecde014561f0e.xlsx","SK","Nassau grouper",34,"Rigidity"
"Genetic diversity",3.4,"filecde014561f0e.xlsx","SK","Nassau grouper",35,"Rigidity"
"Sargassum influx",2,"filecde014561f0e.xlsx","SK","Red grouper",17,"Qualitative Exposure Factors"
"Thermocline depth",2,"filecde014561f0e.xlsx","SK","Red grouper",18,"Qualitative Exposure Factors"
"Habitat specificity",2.6,"filecde014561f0e.xlsx","SK","Red grouper",21,"Sensitivity"
"Prey specificity",1.6,"filecde014561f0e.xlsx","SK","Red grouper",22,"Sensitivity"
"Tolerance to ocean acidification",3.2,"filecde014561f0e.xlsx","SK","Red grouper",23,"Sensitivity"
"Complexity in reproductive strategy",3,"filecde014561f0e.xlsx","SK","Red grouper",24,"Sensitivity"
"Species range",2.2,"filecde014561f0e.xlsx","SK","Red grouper",25,"Sensitivity"
"Specificity in early life history requirements",2.6,"filecde014561f0e.xlsx","SK","Red grouper",26,"Sensitivity"
"Stock size/status",2.8,"filecde014561f0e.xlsx","SK","Red grouper",27,"Sensitivity"
"Other stressors",2.4,"filecde014561f0e.xlsx","SK","Red grouper",28,"Sensitivity"
"Population growth rate",3.8,"filecde014561f0e.xlsx","SK","Red grouper",30,"Rigidity"
"Mobility and dispersal or early life stages",2.4,"filecde014561f0e.xlsx","SK","Red grouper",31,"Rigidity"
"Adult mobility",2.4,"filecde014561f0e.xlsx","SK","Red grouper",32,"Rigidity"
"Spawning characteristics",3.2,"filecde014561f0e.xlsx","SK","Red grouper",33,"Rigidity"
"Predation and competition dynamics",2.4,"filecde014561f0e.xlsx","SK","Red grouper",34,"Rigidity"
"Genetic diversity",1.8,"filecde014561f0e.xlsx","SK","Red grouper",35,"Rigidity"
"Sargassum influx",2.4,"filecde014561f0e.xlsx","SK","Red hind",17,"Qualitative Exposure Factors"
"Thermocline depth",1.8,"filecde014561f0e.xlsx","SK","Red hind",18,"Qualitative Exposure Factors"
"Habitat specificity",2.2,"filecde014561f0e.xlsx","SK","Red hind",21,"Sensitivity"
"Prey specificity",2.2,"filecde014561f0e.xlsx","SK","Red hind",22,"Sensitivity"
"Tolerance to ocean acidification",1.6,"filecde014561f0e.xlsx","SK","Red hind",23,"Sensitivity"
"Complexity in reproductive strategy",3.6,"filecde014561f0e.xlsx","SK","Red hind",24,"Sensitivity"
"Species range",2.6,"filecde014561f0e.xlsx","SK","Red hind",25,"Sensitivity"
"Specificity in early life history requirements",2.4,"filecde014561f0e.xlsx","SK","Red hind",26,"Sensitivity"
"Stock size/status",2,"filecde014561f0e.xlsx","SK","Red hind",27,"Sensitivity"
"Other stressors",2.4,"filecde014561f0e.xlsx","SK","Red hind",28,"Sensitivity"
"Population growth rate",2.2,"filecde014561f0e.xlsx","SK","Red hind",30,"Rigidity"
"Mobility and dispersal or early life stages",2.4,"filecde014561f0e.xlsx","SK","Red hind",31,"Rigidity"
"Adult mobility",2,"filecde014561f0e.xlsx","SK","Red hind",32,"Rigidity"
"Spawning characteristics",3,"filecde014561f0e.xlsx","SK","Red hind",33,"Rigidity"
"Predation and competition dynamics",2.8,"filecde014561f0e.xlsx","SK","Red hind",34,"Rigidity"
"Genetic diversity",2,"filecde014561f0e.xlsx","SK","Red hind",35,"Rigidity"
"Sargassum influx",1.8,"filecde014561f0e.xlsx","SK","Yellowfin grouper",17,"Qualitative Exposure Factors"
"Thermocline depth",1.6,"filecde014561f0e.xlsx","SK","Yellowfin grouper",18,"Qualitative Exposure Factors"
"Habitat specificity",1.6,"filecde014561f0e.xlsx","SK","Yellowfin grouper",21,"Sensitivity"
"Prey specificity",1.4,"filecde014561f0e.xlsx","SK","Yellowfin grouper",22,"Sensitivity"
"Tolerance to ocean acidification",2.4,"filecde014561f0e.xlsx","SK","Yellowfin grouper",23,"Sensitivity"
"Complexity in reproductive strategy",3.8,"filecde014561f0e.xlsx","SK","Yellowfin grouper",24,"Sensitivity"
"Species range",2.6,"filecde014561f0e.xlsx","SK","Yellowfin grouper",25,"Sensitivity"
"Specificity in early life history requirements",2.4,"filecde014561f0e.xlsx","SK","Yellowfin grouper",26,"Sensitivity"
"Stock size/status",3,"filecde014561f0e.xlsx","SK","Yellowfin grouper",27,"Sensitivity"
"Other stressors",2,"filecde014561f0e.xlsx","SK","Yellowfin grouper",28,"Sensitivity"
"Population growth rate",3.6,"filecde014561f0e.xlsx","SK","Yellowfin grouper",30,"Rigidity"
"Mobility and dispersal or early life stages",2.4,"filecde014561f0e.xlsx","SK","Yellowfin grouper",31,"Rigidity"
"Adult mobility",2.2,"filecde014561f0e.xlsx","SK","Yellowfin grouper",32,"Rigidity"
"Spawning characteristics",2.2,"filecde014561f0e.xlsx","SK","Yellowfin grouper",33,"Rigidity"
"Predation and competition dynamics",1.4,"filecde014561f0e.xlsx","SK","Yellowfin grouper",34,"Rigidity"
"Genetic diversity",2,"filecde014561f0e.xlsx","SK","Yellowfin grouper",35,"Rigidity"
"Sargassum influx",3.8,"filecde0548310c7.xlsx","SW","Long-spined sea urchin",17,"Qualitative Exposure Factors"
"Habitat specificity",1.2,"filecde0548310c7.xlsx","SW","Long-spined sea urchin",21,"Sensitivity"
"Prey specificity",2,"filecde0548310c7.xlsx","SW","Long-spined sea urchin",22,"Sensitivity"
"Tolerance to ocean acidification",3.8,"filecde0548310c7.xlsx","SW","Long-spined sea urchin",23,"Sensitivity"
"Complexity in reproductive strategy",3.6,"filecde0548310c7.xlsx","SW","Long-spined sea urchin",24,"Sensitivity"
"Species range",1,"filecde0548310c7.xlsx","SW","Long-spined sea urchin",25,"Sensitivity"
"Specificity in early life history requirements",2.6,"filecde0548310c7.xlsx","SW","Long-spined sea urchin",26,"Sensitivity"
"Stock size/status",2.2,"filecde0548310c7.xlsx","SW","Long-spined sea urchin",27,"Sensitivity"
"Other stressors",4,"filecde0548310c7.xlsx","SW","Long-spined sea urchin",28,"Sensitivity"
"Population growth rate",1.8,"filecde0548310c7.xlsx","SW","Long-spined sea urchin",30,"Rigidity"
"Mobility and dispersal or early life stages",2,"filecde0548310c7.xlsx","SW","Long-spined sea urchin",31,"Rigidity"
"Adult mobility",2.2,"filecde0548310c7.xlsx","SW","Long-spined sea urchin",32,"Rigidity"
"Spawning characteristics",2.4,"filecde0548310c7.xlsx","SW","Long-spined sea urchin",33,"Rigidity"
"Predation and competition dynamics",3.8,"filecde0548310c7.xlsx","SW","Long-spined sea urchin",34,"Rigidity"
"Genetic diversity",4,"filecde0548310c7.xlsx","SW","Long-spined sea urchin",35,"Rigidity"
"Habitat specificity",3.6,"filecde0548310c7.xlsx","SW","Queen snapper",21,"Sensitivity"
"Prey specificity",1.2,"filecde0548310c7.xlsx","SW","Queen snapper",22,"Sensitivity"
"Tolerance to ocean acidification",3.4,"filecde0548310c7.xlsx","SW","Queen snapper",23,"Sensitivity"
"Complexity in reproductive strategy",3.4,"filecde0548310c7.xlsx","SW","Queen snapper",24,"Sensitivity"
"Species range",2.4,"filecde0548310c7.xlsx","SW","Queen snapper",25,"Sensitivity"
"Specificity in early life history requirements",3,"filecde0548310c7.xlsx","SW","Queen snapper",26,"Sensitivity"
"Stock size/status",2.6,"filecde0548310c7.xlsx","SW","Queen snapper",27,"Sensitivity"
"Other stressors",2.6,"filecde0548310c7.xlsx","SW","Queen snapper",28,"Sensitivity"
"Population growth rate",3.4,"filecde0548310c7.xlsx","SW","Queen snapper",30,"Rigidity"
"Mobility and dispersal or early life stages",2.6,"filecde0548310c7.xlsx","SW","Queen snapper",31,"Rigidity"
"Adult mobility",1.8,"filecde0548310c7.xlsx","SW","Queen snapper",32,"Rigidity"
"Spawning characteristics",2.2,"filecde0548310c7.xlsx","SW","Queen snapper",33,"Rigidity"
"Predation and competition dynamics",2.4,"filecde0548310c7.xlsx","SW","Queen snapper",34,"Rigidity"
"Genetic diversity",3.2,"filecde0548310c7.xlsx","SW","Queen snapper",35,"Rigidity"
"Sargassum influx",3.4,"filecde0548310c7.xlsx","SW","Sea cucumbers",17,"Qualitative Exposure Factors"
"Habitat specificity",1.4,"filecde0548310c7.xlsx","SW","Sea cucumbers",21,"Sensitivity"
"Prey specificity",1,"filecde0548310c7.xlsx","SW","Sea cucumbers",22,"Sensitivity"
"Tolerance to ocean acidification",3.8,"filecde0548310c7.xlsx","SW","Sea cucumbers",23,"Sensitivity"
"Complexity in reproductive strategy",2.4,"filecde0548310c7.xlsx","SW","Sea cucumbers",24,"Sensitivity"
"Species range",1,"filecde0548310c7.xlsx","SW","Sea cucumbers",25,"Sensitivity"
"Specificity in early life history requirements",2.4,"filecde0548310c7.xlsx","SW","Sea cucumbers",26,"Sensitivity"
"Stock size/status",3.8,"filecde0548310c7.xlsx","SW","Sea cucumbers",27,"Sensitivity"
"Other stressors",2.4,"filecde0548310c7.xlsx","SW","Sea cucumbers",28,"Sensitivity"
"Population growth rate",1.4,"filecde0548310c7.xlsx","SW","Sea cucumbers",30,"Rigidity"
"Mobility and dispersal or early life stages",2.4,"filecde0548310c7.xlsx","SW","Sea cucumbers",31,"Rigidity"
"Adult mobility",2.8,"filecde0548310c7.xlsx","SW","Sea cucumbers",32,"Rigidity"
"Spawning characteristics",2.6,"filecde0548310c7.xlsx","SW","Sea cucumbers",33,"Rigidity"
"Predation and competition dynamics",3.4,"filecde0548310c7.xlsx","SW","Sea cucumbers",34,"Rigidity"
"Genetic diversity",1.6,"filecde0548310c7.xlsx","SW","Sea cucumbers",35,"Rigidity"
"Sargassum influx",3.2,"filecde0548310c7.xlsx","SW","Spiny lobster",17,"Qualitative Exposure Factors"
"Habitat specificity",1.6,"filecde0548310c7.xlsx","SW","Spiny lobster",21,"Sensitivity"
"Prey specificity",1.2,"filecde0548310c7.xlsx","SW","Spiny lobster",22,"Sensitivity"
"Tolerance to ocean acidification",3.8,"filecde0548310c7.xlsx","SW","Spiny lobster",23,"Sensitivity"
"Complexity in reproductive strategy",1.4,"filecde0548310c7.xlsx","SW","Spiny lobster",24,"Sensitivity"
"Species range",1,"filecde0548310c7.xlsx","SW","Spiny lobster",25,"Sensitivity"
"Specificity in early life history requirements",3.8,"filecde0548310c7.xlsx","SW","Spiny lobster",26,"Sensitivity"
"Stock size/status",2.2,"filecde0548310c7.xlsx","SW","Spiny lobster",27,"Sensitivity"
"Other stressors",2.8,"filecde0548310c7.xlsx","SW","Spiny lobster",28,"Sensitivity"
"Population growth rate",1.6,"filecde0548310c7.xlsx","SW","Spiny lobster",30,"Rigidity"
"Mobility and dispersal or early life stages",1.2,"filecde0548310c7.xlsx","SW","Spiny lobster",31,"Rigidity"
"Adult mobility",1.4,"filecde0548310c7.xlsx","SW","Spiny lobster",32,"Rigidity"
"Spawning characteristics",2.6,"filecde0548310c7.xlsx","SW","Spiny lobster",33,"Rigidity"
"Predation and competition dynamics",2.6,"filecde0548310c7.xlsx","SW","Spiny lobster",34,"Rigidity"
"Genetic diversity",1.4,"filecde0548310c7.xlsx","SW","Spiny lobster",35,"Rigidity"
"Sargassum influx",1.4,"filecde042a4037.xlsx","WM","Blue runner",17,"Qualitative Exposure Factors"
"Thermocline depth",1.4,"filecde042a4037.xlsx","WM","Blue runner",18,"Qualitative Exposure Factors"
"Habitat specificity",1.4,"filecde042a4037.xlsx","WM","Blue runner",21,"Sensitivity"
"Prey specificity",1.8,"filecde042a4037.xlsx","WM","Blue runner",22,"Sensitivity"
"Tolerance to ocean acidification",1,"filecde042a4037.xlsx","WM","Blue runner",23,"Sensitivity"
"Complexity in reproductive strategy",1.2,"filecde042a4037.xlsx","WM","Blue runner",24,"Sensitivity"
"Species range",1.8,"filecde042a4037.xlsx","WM","Blue runner",25,"Sensitivity"
"Specificity in early life history requirements",1.8,"filecde042a4037.xlsx","WM","Blue runner",26,"Sensitivity"
"Stock size/status",1.8,"filecde042a4037.xlsx","WM","Blue runner",27,"Sensitivity"
"Other stressors",1.2,"filecde042a4037.xlsx","WM","Blue runner",28,"Sensitivity"
"Population growth rate",1,"filecde042a4037.xlsx","WM","Blue runner",30,"Rigidity"
"Mobility and dispersal or early life stages",1.4,"filecde042a4037.xlsx","WM","Blue runner",31,"Rigidity"
"Adult mobility",1.4,"filecde042a4037.xlsx","WM","Blue runner",32,"Rigidity"
"Spawning characteristics",1.8,"filecde042a4037.xlsx","WM","Blue runner",33,"Rigidity"
"Predation and competition dynamics",2.4,"filecde042a4037.xlsx","WM","Blue runner",34,"Rigidity"
"Genetic diversity",1,"filecde042a4037.xlsx","WM","Blue runner",35,"Rigidity"
"Sargassum influx",1.4,"filecde042a4037.xlsx","WM","Dolphinfish",17,"Qualitative Exposure Factors"
"Thermocline depth",1.4,"filecde042a4037.xlsx","WM","Dolphinfish",18,"Qualitative Exposure Factors"
"Habitat specificity",1.4,"filecde042a4037.xlsx","WM","Dolphinfish",21,"Sensitivity"
"Prey specificity",1.2,"filecde042a4037.xlsx","WM","Dolphinfish",22,"Sensitivity"
"Tolerance to ocean acidification",1,"filecde042a4037.xlsx","WM","Dolphinfish",23,"Sensitivity"
"Complexity in reproductive strategy",1.2,"filecde042a4037.xlsx","WM","Dolphinfish",24,"Sensitivity"
"Species range",1,"filecde042a4037.xlsx","WM","Dolphinfish",25,"Sensitivity"
"Specificity in early life history requirements",1.4,"filecde042a4037.xlsx","WM","Dolphinfish",26,"Sensitivity"
"Stock size/status",2,"filecde042a4037.xlsx","WM","Dolphinfish",27,"Sensitivity"
"Other stressors",1.2,"filecde042a4037.xlsx","WM","Dolphinfish",28,"Sensitivity"
"Population growth rate",1,"filecde042a4037.xlsx","WM","Dolphinfish",30,"Rigidity"
"Mobility and dispersal or early life stages",1.4,"filecde042a4037.xlsx","WM","Dolphinfish",31,"Rigidity"
"Adult mobility",1.4,"filecde042a4037.xlsx","WM","Dolphinfish",32,"Rigidity"
"Spawning characteristics",1.4,"filecde042a4037.xlsx","WM","Dolphinfish",33,"Rigidity"
"Predation and competition dynamics",2.6,"filecde042a4037.xlsx","WM","Dolphinfish",34,"Rigidity"
"Genetic diversity",1,"filecde042a4037.xlsx","WM","Dolphinfish",35,"Rigidity"
"Sargassum influx",1.4,"filecde042a4037.xlsx","WM","King mackerel",17,"Qualitative Exposure Factors"
"Thermocline depth",1.4,"filecde042a4037.xlsx","WM","King mackerel",18,"Qualitative Exposure Factors"
"Habitat specificity",2.6,"filecde042a4037.xlsx","WM","King mackerel",21,"Sensitivity"
"Prey specificity",2.4,"filecde042a4037.xlsx","WM","King mackerel",22,"Sensitivity"
"Tolerance to ocean acidification",2.4,"filecde042a4037.xlsx","WM","King mackerel",23,"Sensitivity"
"Complexity in reproductive strategy",2.4,"filecde042a4037.xlsx","WM","King mackerel",24,"Sensitivity"
"Species range",2,"filecde042a4037.xlsx","WM","King mackerel",25,"Sensitivity"
"Specificity in early life history requirements",2.4,"filecde042a4037.xlsx","WM","King mackerel",26,"Sensitivity"
"Stock size/status",2,"filecde042a4037.xlsx","WM","King mackerel",27,"Sensitivity"
"Other stressors",1.2,"filecde042a4037.xlsx","WM","King mackerel",28,"Sensitivity"
"Population growth rate",1,"filecde042a4037.xlsx","WM","King mackerel",30,"Rigidity"
"Mobility and dispersal or early life stages",2.4,"filecde042a4037.xlsx","WM","King mackerel",31,"Rigidity"
"Adult mobility",2.4,"filecde042a4037.xlsx","WM","King mackerel",32,"Rigidity"
"Spawning characteristics",1.8,"filecde042a4037.xlsx","WM","King mackerel",33,"Rigidity"
"Predation and competition dynamics",2.4,"filecde042a4037.xlsx","WM","King mackerel",34,"Rigidity"
"Genetic diversity",2.4,"filecde042a4037.xlsx","WM","King mackerel",35,"Rigidity"
"Sargassum influx",2.8,"filecde042a4037.xlsx","WM","Mutton snapper",17,"Qualitative Exposure Factors"
"Habitat specificity",3.6,"filecde042a4037.xlsx","WM","Mutton snapper",21,"Sensitivity"
"Prey specificity",3.6,"filecde042a4037.xlsx","WM","Mutton snapper",22,"Sensitivity"
"Tolerance to ocean acidification",3.6,"filecde042a4037.xlsx","WM","Mutton snapper",23,"Sensitivity"
"Complexity in reproductive strategy",3.6,"filecde042a4037.xlsx","WM","Mutton snapper",24,"Sensitivity"
"Species range",3.8,"filecde042a4037.xlsx","WM","Mutton snapper",25,"Sensitivity"
"Specificity in early life history requirements",3.8,"filecde042a4037.xlsx","WM","Mutton snapper",26,"Sensitivity"
"Stock size/status",2.6,"filecde042a4037.xlsx","WM","Mutton snapper",27,"Sensitivity"
"Other stressors",2.8,"filecde042a4037.xlsx","WM","Mutton snapper",28,"Sensitivity"
"Population growth rate",2,"filecde042a4037.xlsx","WM","Mutton snapper",30,"Rigidity"
"Mobility and dispersal or early life stages",2.2,"filecde042a4037.xlsx","WM","Mutton snapper",31,"Rigidity"
"Adult mobility",2.4,"filecde042a4037.xlsx","WM","Mutton snapper",32,"Rigidity"
"Spawning characteristics",2.8,"filecde042a4037.xlsx","WM","Mutton snapper",33,"Rigidity"
"Predation and competition dynamics",2.8,"filecde042a4037.xlsx","WM","Mutton snapper",34,"Rigidity"
"Genetic diversity",3.6,"filecde042a4037.xlsx","WM","Mutton snapper",35,"Rigidity"
"Habitat specificity",3.6,"filecde042a4037.xlsx","WM","Queen snapper",21,"Sensitivity"
"Prey specificity",3.6,"filecde042a4037.xlsx","WM","Queen snapper",22,"Sensitivity"
"Tolerance to ocean acidification",3.6,"filecde042a4037.xlsx","WM","Queen snapper",23,"Sensitivity"
"Complexity in reproductive strategy",3.6,"filecde042a4037.xlsx","WM","Queen snapper",24,"Sensitivity"
"Species range",3.8,"filecde042a4037.xlsx","WM","Queen snapper",25,"Sensitivity"
"Specificity in early life history requirements",3.8,"filecde042a4037.xlsx","WM","Queen snapper",26,"Sensitivity"
"Stock size/status",2.6,"filecde042a4037.xlsx","WM","Queen snapper",27,"Sensitivity"
"Other stressors",2.8,"filecde042a4037.xlsx","WM","Queen snapper",28,"Sensitivity"
"Population growth rate",1.2,"filecde042a4037.xlsx","WM","Queen snapper",30,"Rigidity"
"Mobility and dispersal or early life stages",2.4,"filecde042a4037.xlsx","WM","Queen snapper",31,"Rigidity"
"Adult mobility",2.4,"filecde042a4037.xlsx","WM","Queen snapper",32,"Rigidity"
"Spawning characteristics",2.6,"filecde042a4037.xlsx","WM","Queen snapper",33,"Rigidity"
"Predation and competition dynamics",2.8,"filecde042a4037.xlsx","WM","Queen snapper",34,"Rigidity"
"Genetic diversity",3.6,"filecde042a4037.xlsx","WM","Queen snapper",35,"Rigidity"
"Sargassum influx",3.6,"filecde042a4037.xlsx","WM","White mullet",17,"Qualitative Exposure Factors"
"Habitat specificity",3.8,"filecde042a4037.xlsx","WM","White mullet",21,"Sensitivity"
"Prey specificity",2.6,"filecde042a4037.xlsx","WM","White mullet",22,"Sensitivity"
"Tolerance to ocean acidification",1,"filecde042a4037.xlsx","WM","White mullet",23,"Sensitivity"
"Complexity in reproductive strategy",2.6,"filecde042a4037.xlsx","WM","White mullet",24,"Sensitivity"
"Species range",2.6,"filecde042a4037.xlsx","WM","White mullet",25,"Sensitivity"
"Specificity in early life history requirements",2.6,"filecde042a4037.xlsx","WM","White mullet",26,"Sensitivity"
"Stock size/status",2.6,"filecde042a4037.xlsx","WM","White mullet",27,"Sensitivity"
"Other stressors",2.6,"filecde042a4037.xlsx","WM","White mullet",28,"Sensitivity"
"Population growth rate",1,"filecde042a4037.xlsx","WM","White mullet",30,"Rigidity"
"Mobility and dispersal or early life stages",2.8,"filecde042a4037.xlsx","WM","White mullet",31,"Rigidity"
"Adult mobility",2.6,"filecde042a4037.xlsx","WM","White mullet",32,"Rigidity"
"Spawning characteristics",1.8,"filecde042a4037.xlsx","WM","White mullet",33,"Rigidity"
"Predation and competition dynamics",2.4,"filecde042a4037.xlsx","WM","White mullet",34,"Rigidity"
"Genetic diversity",2,"filecde042a4037.xlsx","WM","White mullet",35,"Rigidity"
